,id,name,market,alias,sr_id,season,week,_comment,players.id,players.name,players.jersey,players.position,players.sr_id,injuries.status,injuries.status_date,injuries.primary,injuries.practice.status,injuries.secondary
0,f14bf5cc-9a82-4a38-bc15-d39f75ed5314,Panthers,Carolina,CAR,sr:competitor:4415,"{'id': '06275f0f-08ff-4787-91fc-5c30464ccfd9', 'year': 2021, 'type': 'REG', 'name': 'REG'}","{'id': '3ca1343b-9e11-438c-9d7a-5f33cb775c3f', 'sequence': 1, 'title': '1'}",Generation started @ 2022-01-24 19:38:44 UTC ended @ 2022-01-24 19:38:44 UTC,1e664071-60d0-47da-94c8-e5c8617e11f6,Shi Smith,12,WR,sr:player:2197858,Out,2021-09-10T00:00:00+00:00,Shoulder,Did Not Participate In Practice,
1,f14bf5cc-9a82-4a38-bc15-d39f75ed5314,Panthers,Carolina,CAR,sr:competitor:4415,"{'id': '06275f0f-08ff-4787-91fc-5c30464ccfd9', 'year': 2021, 'type': 'REG', 'name': 'REG'}","{'id': '3ca1343b-9e11-438c-9d7a-5f33cb775c3f', 'sequence': 1, 'title': '1'}",Generation started @ 2022-01-24 19:38:44 UTC ended @ 2022-01-24 19:38:44 UTC,0d226e62-3a43-4a9f-a985-05214182146f,Kenny Robinson,27,SAF,sr:player:2040251,,2021-09-08T00:00:00+00:00,Knee,Limited Participation In Practice,
2,0d855753-ea21-4953-89f9-0e20aff9eb73,Saints,New Orleans,NO,sr:competitor:4425,"{'id': '06275f0f-08ff-4787-91fc-5c30464ccfd9', 'year': 2021, 'type': 'REG', 'name': 'REG'}","{'id': '3ca1343b-9e11-438c-9d7a-5f33cb775c3f', 'sequence': 1, 'title': '1'}",Generation started @ 2022-01-24 19:38:44 UTC ended @ 2022-01-24 19:38:44 UTC,0cb6209d-2397-4be2-9cb7-f990bfb67e69,Terron Armstead,72,T,sr:player:833679,,2021-09-10T00:00:00+00:00,Back,Did Not Participate In Practice,
3,0d855753-ea21-4953-89f9-0e20aff9eb73,Saints,New Orleans,NO,sr:competitor:4425,"{'id': '06275f0f-08ff-4787-91fc-5c30464ccfd9', 'year': 2021, 'type': 'REG', 'name': 'REG'}","{'id': '3ca1343b-9e11-438c-9d7a-5f33cb775c3f', 'sequence': 1, 'title': '1'}",Generation started @ 2022-01-24 19:38:44 UTC ended @ 2022-01-24 19:38:44 UTC,e381248e-ea78-433c-a9cb-7043e9f3335e,James Hurst,74,OL,sr:player:828299,Questionable,2021-09-10T00:00:00+00:00,Knee,Did Not Participate In Practice,
4,0d855753-ea21-4953-89f9-0e20aff9eb73,Saints,New Orleans,NO,sr:competitor:4425,"{'id': '06275f0f-08ff-4787-91fc-5c30464ccfd9', 'year': 2021, 'type': 'REG', 'name': 'REG'}","{'id': '3ca1343b-9e11-438c-9d7a-5f33cb775c3f', 'sequence': 1, 'title': '1'}",Generation started @ 2022-01-24 19:38:44 UTC ended @ 2022-01-24 19:38:44 UTC,66386076-7d61-47b7-88e2-34a883de250f,Marshon Lattimore,23,CB,sr:player:1129561,Questionable,2021-09-11T00:00:00+00:00,Knee,Full Participation In Practice,
5,0d855753-ea21-4953-89f9-0e20aff9eb73,Saints,New Orleans,NO,sr:competitor:4425,"{'id': '06275f0f-08ff-4787-91fc-5c30464ccfd9', 'year': 2021, 'type': 'REG', 'name': 'REG'}","{'id': '3ca1343b-9e11-438c-9d7a-5f33cb775c3f', 'sequence': 1, 'title': '1'}",Generation started @ 2022-01-24 19:38:44 UTC ended @ 2022-01-24 19:38:44 UTC,c65b8d70-ac93-4782-996a-ef96fd11047c,Tre'Quan Smith,10,WR,sr:player:1188006,Out,2021-09-10T00:00:00+00:00,Hamstring,Did Not Participate In Practice,
6,0d855753-ea21-4953-89f9-0e20aff9eb73,Saints,New Orleans,NO,sr:competitor:4425,"{'id': '06275f0f-08ff-4787-91fc-5c30464ccfd9', 'year': 2021, 'type': 'REG', 'name': 'REG'}","{'id': '3ca1343b-9e11-438c-9d7a-5f33cb775c3f', 'sequence': 1, 'title': '1'}",Generation started @ 2022-01-24 19:38:44 UTC ended @ 2022-01-24 19:38:44 UTC,f12ecfb0-085f-42d6-b063-97f0bc4fd5ee,Ken Crawley,25,CB,sr:player:989385,Out,2021-09-10T00:00:00+00:00,Hamstring,Did Not Participate In Practice,
7,5fee86ae-74ab-4bdd-8416-42a9dd9964f3,Jets,New York,NYJ,sr:competitor:4427,"{'id': '06275f0f-08ff-4787-91fc-5c30464ccfd9', 'year': 2021, 'type': 'REG', 'name': 'REG'}","{'id': '3ca1343b-9e11-438c-9d7a-5f33cb775c3f', 'sequence': 1, 'title': '1'}",Generation started @ 2022-01-24 19:38:44 UTC ended @ 2022-01-24 19:38:44 UTC,90434aff-bd29-44be-8e76-056e412a9624,Sharrod Neasman,35,SAF,sr:player:1074176,Out,2021-09-10T00:00:00+00:00,Hamstring,Did Not Participate In Practice,
8,5fee86ae-74ab-4bdd-8416-42a9dd9964f3,Jets,New York,NYJ,sr:competitor:4427,"{'id': '06275f0f-08ff-4787-91fc-5c30464ccfd9', 'year': 2021, 'type': 'REG', 'name': 'REG'}","{'id': '3ca1343b-9e11-438c-9d7a-5f33cb775c3f', 'sequence': 1, 'title': '1'}",Generation started @ 2022-01-24 19:38:44 UTC ended @ 2022-01-24 19:38:44 UTC,f86e291f-d678-463c-93cb-beedab9a309a,La'Mical Perine,22,RB,sr:player:2040229,Questionable,2021-09-10T00:00:00+00:00,Foot,Full Participation In Practice,
9,5fee86ae-74ab-4bdd-8416-42a9dd9964f3,Jets,New York,NYJ,sr:competitor:4427,"{'id': '06275f0f-08ff-4787-91fc-5c30464ccfd9', 'year': 2021, 'type': 'REG', 'name': 'REG'}","{'id': '3ca1343b-9e11-438c-9d7a-5f33cb775c3f', 'sequence': 1, 'title': '1'}",Generation started @ 2022-01-24 19:38:44 UTC ended @ 2022-01-24 19:38:44 UTC,8639eb45-a9dd-4b3b-91f1-01319af3bdd0,Mekhi Becton,77,OT,sr:player:2040641,,2021-09-08T00:00:00+00:00,Concussion,Full Participation In Practice,
10,5fee86ae-74ab-4bdd-8416-42a9dd9964f3,Jets,New York,NYJ,sr:competitor:4427,"{'id': '06275f0f-08ff-4787-91fc-5c30464ccfd9', 'year': 2021, 'type': 'REG', 'name': 'REG'}","{'id': '3ca1343b-9e11-438c-9d7a-5f33cb775c3f', 'sequence': 1, 'title': '1'}",Generation started @ 2022-01-24 19:38:44 UTC ended @ 2022-01-24 19:38:44 UTC,a8c96abf-a911-47a0-ac16-dd51a8782b5e,Keelan Cole,88,WR,sr:player:1130915,Questionable,2021-09-12T00:00:00+00:00,Knee,Did Not Participate In Practice,
11,de760528-1dc0-416a-a978-b510d20692ff,Cardinals,Arizona,ARI,sr:competitor:4412,"{'id': '06275f0f-08ff-4787-91fc-5c30464ccfd9', 'year': 2021, 'type': 'REG', 'name': 'REG'}","{'id': '3ca1343b-9e11-438c-9d7a-5f33cb775c3f', 'sequence': 1, 'title': '1'}",Generation started @ 2022-01-24 19:38:44 UTC ended @ 2022-01-24 19:38:44 UTC,48700b7b-210c-4ced-9c57-3e21162e7752,Dennis Gardeck,45,OLB,sr:player:1476070,Out,2021-09-10T00:00:00+00:00,ACL,Did Not Participate In Practice,
12,de760528-1dc0-416a-a978-b510d20692ff,Cardinals,Arizona,ARI,sr:competitor:4412,"{'id': '06275f0f-08ff-4787-91fc-5c30464ccfd9', 'year': 2021, 'type': 'REG', 'name': 'REG'}","{'id': '3ca1343b-9e11-438c-9d7a-5f33cb775c3f', 'sequence': 1, 'title': '1'}",Generation started @ 2022-01-24 19:38:44 UTC ended @ 2022-01-24 19:38:44 UTC,8e43eb21-92e4-4720-8766-c9204259c063,Antoine Wesley,84,WR,sr:player:1221032,Out,2021-09-10T00:00:00+00:00,Illness,Did Not Participate In Practice,
13,de760528-1dc0-416a-a978-b510d20692ff,Cardinals,Arizona,ARI,sr:competitor:4412,"{'id': '06275f0f-08ff-4787-91fc-5c30464ccfd9', 'year': 2021, 'type': 'REG', 'name': 'REG'}","{'id': '3ca1343b-9e11-438c-9d7a-5f33cb775c3f', 'sequence': 1, 'title': '1'}",Generation started @ 2022-01-24 19:38:44 UTC ended @ 2022-01-24 19:38:44 UTC,7574eb56-a34a-419e-9682-c4788cfe2019,Darrell Daniels,81,TE,sr:player:1130469,,2021-09-08T00:00:00+00:00,Toe,Full Participation In Practice,
14,ebd87119-b331-4469-9ea6-d51fe3ce2f1c,Ravens,Baltimore,BAL,sr:competitor:4413,"{'id': '06275f0f-08ff-4787-91fc-5c30464ccfd9', 'year': 2021, 'type': 'REG', 'name': 'REG'}","{'id': '3ca1343b-9e11-438c-9d7a-5f33cb775c3f', 'sequence': 1, 'title': '1'}",Generation started @ 2022-01-24 19:38:44 UTC ended @ 2022-01-24 19:38:44 UTC,9480dd9f-151f-4e6d-b5a3-35f07bda4cac,Nick Boyle,86,TE,sr:player:835259,,2021-09-10T00:00:00+00:00,Knee,Full Participation In Practice,
15,ebd87119-b331-4469-9ea6-d51fe3ce2f1c,Ravens,Baltimore,BAL,sr:competitor:4413,"{'id': '06275f0f-08ff-4787-91fc-5c30464ccfd9', 'year': 2021, 'type': 'REG', 'name': 'REG'}","{'id': '3ca1343b-9e11-438c-9d7a-5f33cb775c3f', 'sequence': 1, 'title': '1'}",Generation started @ 2022-01-24 19:38:44 UTC ended @ 2022-01-24 19:38:44 UTC,7963d8ea-c627-47cb-b46f-a917abb9e9d7,Brandon Williams,98,DT,sr:player:830151,,2021-09-10T00:00:00+00:00,Not Injury Related,Did Not Participate In Practice,
16,ebd87119-b331-4469-9ea6-d51fe3ce2f1c,Ravens,Baltimore,BAL,sr:competitor:4413,"{'id': '06275f0f-08ff-4787-91fc-5c30464ccfd9', 'year': 2021, 'type': 'REG', 'name': 'REG'}","{'id': '3ca1343b-9e11-438c-9d7a-5f33cb775c3f', 'sequence': 1, 'title': '1'}",Generation started @ 2022-01-24 19:38:44 UTC ended @ 2022-01-24 19:38:44 UTC,a792cbbf-d96a-48fc-a187-6f7f5b7dd214,Ronnie Stanley,79,OT,sr:player:986903,,2021-09-11T00:00:00+00:00,Undisclosed,Did Not Participate In Practice,
17,ebd87119-b331-4469-9ea6-d51fe3ce2f1c,Ravens,Baltimore,BAL,sr:competitor:4413,"{'id': '06275f0f-08ff-4787-91fc-5c30464ccfd9', 'year': 2021, 'type': 'REG', 'name': 'REG'}","{'id': '3ca1343b-9e11-438c-9d7a-5f33cb775c3f', 'sequence': 1, 'title': '1'}",Generation started @ 2022-01-24 19:38:44 UTC ended @ 2022-01-24 19:38:44 UTC,72bae032-79e6-4a3d-b74c-37c7a0973e99,Daelin Hayes,59,OLB,sr:player:2197884,Questionable,2021-09-11T00:00:00+00:00,Knee,Full Participation In Practice,
18,ebd87119-b331-4469-9ea6-d51fe3ce2f1c,Ravens,Baltimore,BAL,sr:competitor:4413,"{'id': '06275f0f-08ff-4787-91fc-5c30464ccfd9', 'year': 2021, 'type': 'REG', 'name': 'REG'}","{'id': '3ca1343b-9e11-438c-9d7a-5f33cb775c3f', 'sequence': 1, 'title': '1'}",Generation started @ 2022-01-24 19:38:44 UTC ended @ 2022-01-24 19:38:44 UTC,0333b8f0-3aab-45aa-a684-6d402a309413,Calais Campbell,93,DE,sr:player:829847,,2021-09-11T00:00:00+00:00,Rest,Did Not Participate In Practice,
19,ebd87119-b331-4469-9ea6-d51fe3ce2f1c,Ravens,Baltimore,BAL,sr:competitor:4413,"{'id': '06275f0f-08ff-4787-91fc-5c30464ccfd9', 'year': 2021, 'type': 'REG', 'name': 'REG'}","{'id': '3ca1343b-9e11-438c-9d7a-5f33cb775c3f', 'sequence': 1, 'title': '1'}",Generation started @ 2022-01-24 19:38:44 UTC ended @ 2022-01-24 19:38:44 UTC,c3d6c803-1c91-4bd9-956c-7f6c292558c5,Jimmy Smith,22,CB,sr:player:829285,Questionable,2021-09-11T00:00:00+00:00,Ankle,Limited Participation In Practice,
20,ebd87119-b331-4469-9ea6-d51fe3ce2f1c,Ravens,Baltimore,BAL,sr:competitor:4413,"{'id': '06275f0f-08ff-4787-91fc-5c30464ccfd9', 'year': 2021, 'type': 'REG', 'name': 'REG'}","{'id': '3ca1343b-9e11-438c-9d7a-5f33cb775c3f', 'sequence': 1, 'title': '1'}",Generation started @ 2022-01-24 19:38:44 UTC ended @ 2022-01-24 19:38:44 UTC,30f98123-214c-4f32-b29c-ac6f3ff56f39,Derek Wolfe,95,DE,sr:player:831597,Out,2021-09-11T00:00:00+00:00,Back,Did Not Participate In Practice,
21,4254d319-1bc7-4f81-b4ab-b5e6f3402b69,Buccaneers,Tampa Bay,TB,sr:competitor:4388,"{'id': '06275f0f-08ff-4787-91fc-5c30464ccfd9', 'year': 2021, 'type': 'REG', 'name': 'REG'}","{'id': '3ca1343b-9e11-438c-9d7a-5f33cb775c3f', 'sequence': 1, 'title': '1'}",Generation started @ 2022-01-24 19:38:44 UTC ended @ 2022-01-24 19:38:44 UTC,2142a164-48ad-47d6-bb27-0bc58c6b2e62,Rob Gronkowski,87,TE,sr:player:831127,,2021-09-07T00:00:00+00:00,Not Injury Related,Full Participation In Practice,
22,4254d319-1bc7-4f81-b4ab-b5e6f3402b69,Buccaneers,Tampa Bay,TB,sr:competitor:4388,"{'id': '06275f0f-08ff-4787-91fc-5c30464ccfd9', 'year': 2021, 'type': 'REG', 'name': 'REG'}","{'id': '3ca1343b-9e11-438c-9d7a-5f33cb775c3f', 'sequence': 1, 'title': '1'}",Generation started @ 2022-01-24 19:38:44 UTC ended @ 2022-01-24 19:38:44 UTC,cee49408-2e91-487a-a8ec-d3314ebf539d,Steve McLendon,96,DT,sr:player:827835,,2021-09-07T00:00:00+00:00,Not Injury Related,Full Participation In Practice,
23,4254d319-1bc7-4f81-b4ab-b5e6f3402b69,Buccaneers,Tampa Bay,TB,sr:competitor:4388,"{'id': '06275f0f-08ff-4787-91fc-5c30464ccfd9', 'year': 2021, 'type': 'REG', 'name': 'REG'}","{'id': '3ca1343b-9e11-438c-9d7a-5f33cb775c3f', 'sequence': 1, 'title': '1'}",Generation started @ 2022-01-24 19:38:44 UTC ended @ 2022-01-24 19:38:44 UTC,e56569f1-eaf4-473b-b92c-fc5c84cc7338,Jason Pierre-Paul,90,OLB,sr:player:829773,,2021-09-07T00:00:00+00:00,Not Injury Related,Full Participation In Practice,
24,4254d319-1bc7-4f81-b4ab-b5e6f3402b69,Buccaneers,Tampa Bay,TB,sr:competitor:4388,"{'id': '06275f0f-08ff-4787-91fc-5c30464ccfd9', 'year': 2021, 'type': 'REG', 'name': 'REG'}","{'id': '3ca1343b-9e11-438c-9d7a-5f33cb775c3f', 'sequence': 1, 'title': '1'}",Generation started @ 2022-01-24 19:38:44 UTC ended @ 2022-01-24 19:38:44 UTC,24cf6148-f0af-4103-a215-e06956764953,Giovani Bernard,25,RB,sr:player:828289,,2021-09-07T00:00:00+00:00,Ankle,Full Participation In Practice,
25,4254d319-1bc7-4f81-b4ab-b5e6f3402b69,Buccaneers,Tampa Bay,TB,sr:competitor:4388,"{'id': '06275f0f-08ff-4787-91fc-5c30464ccfd9', 'year': 2021, 'type': 'REG', 'name': 'REG'}","{'id': '3ca1343b-9e11-438c-9d7a-5f33cb775c3f', 'sequence': 1, 'title': '1'}",Generation started @ 2022-01-24 19:38:44 UTC ended @ 2022-01-24 19:38:44 UTC,16e33176-b73e-49b7-b0aa-c405b47a706e,Antonio Brown,81,WR,sr:player:831277,,2021-09-07T00:00:00+00:00,Knee,Full Participation In Practice,
26,4254d319-1bc7-4f81-b4ab-b5e6f3402b69,Buccaneers,Tampa Bay,TB,sr:competitor:4388,"{'id': '06275f0f-08ff-4787-91fc-5c30464ccfd9', 'year': 2021, 'type': 'REG', 'name': 'REG'}","{'id': '3ca1343b-9e11-438c-9d7a-5f33cb775c3f', 'sequence': 1, 'title': '1'}",Generation started @ 2022-01-24 19:38:44 UTC ended @ 2022-01-24 19:38:44 UTC,4deb42ec-bece-4b00-b697-3caeff8c1997,Jordan Whitehead,33,SAF,sr:player:1221434,Out,2021-09-07T00:00:00+00:00,Hamstring,Did Not Participate In Practice,
27,4254d319-1bc7-4f81-b4ab-b5e6f3402b69,Buccaneers,Tampa Bay,TB,sr:competitor:4388,"{'id': '06275f0f-08ff-4787-91fc-5c30464ccfd9', 'year': 2021, 'type': 'REG', 'name': 'REG'}","{'id': '3ca1343b-9e11-438c-9d7a-5f33cb775c3f', 'sequence': 1, 'title': '1'}",Generation started @ 2022-01-24 19:38:44 UTC ended @ 2022-01-24 19:38:44 UTC,baa61bb5-f8d0-4f90-bbe2-028576b8d33d,Chris Godwin,14,WR,sr:player:1129773,,2021-09-07T00:00:00+00:00,Quad,Full Participation In Practice,
28,82d2d380-3834-4938-835f-aec541e5ece7,Texans,Houston,HOU,sr:competitor:4324,"{'id': '06275f0f-08ff-4787-91fc-5c30464ccfd9', 'year': 2021, 'type': 'REG', 'name': 'REG'}","{'id': '3ca1343b-9e11-438c-9d7a-5f33cb775c3f', 'sequence': 1, 'title': '1'}",Generation started @ 2022-01-24 19:38:44 UTC ended @ 2022-01-24 19:38:44 UTC,54f13aa1-4a2f-46a3-99ef-743c1d3ee234,Maliek Collins,97,DT,sr:player:987613,,2021-09-10T00:00:00+00:00,Knee,Full Participation In Practice,
29,82d2d380-3834-4938-835f-aec541e5ece7,Texans,Houston,HOU,sr:competitor:4324,"{'id': '06275f0f-08ff-4787-91fc-5c30464ccfd9', 'year': 2021, 'type': 'REG', 'name': 'REG'}","{'id': '3ca1343b-9e11-438c-9d7a-5f33cb775c3f', 'sequence': 1, 'title': '1'}",Generation started @ 2022-01-24 19:38:44 UTC ended @ 2022-01-24 19:38:44 UTC,acbf5978-d7da-4d01-8f1d-22dd65d4484c,Lonnie Johnson Jr.,1,DB,sr:player:1237144,Out,2021-09-10T00:00:00+00:00,Thigh,Did Not Participate In Practice,
30,82d2d380-3834-4938-835f-aec541e5ece7,Texans,Houston,HOU,sr:competitor:4324,"{'id': '06275f0f-08ff-4787-91fc-5c30464ccfd9', 'year': 2021, 'type': 'REG', 'name': 'REG'}","{'id': '3ca1343b-9e11-438c-9d7a-5f33cb775c3f', 'sequence': 1, 'title': '1'}",Generation started @ 2022-01-24 19:38:44 UTC ended @ 2022-01-24 19:38:44 UTC,eafbc0f8-2e3b-4014-af9d-81fc14b5009a,Whitney Mercilus,59,DE,sr:player:828309,,2021-09-10T00:00:00+00:00,Thigh,Full Participation In Practice,
31,82d2d380-3834-4938-835f-aec541e5ece7,Texans,Houston,HOU,sr:competitor:4324,"{'id': '06275f0f-08ff-4787-91fc-5c30464ccfd9', 'year': 2021, 'type': 'REG', 'name': 'REG'}","{'id': '3ca1343b-9e11-438c-9d7a-5f33cb775c3f', 'sequence': 1, 'title': '1'}",Generation started @ 2022-01-24 19:38:44 UTC ended @ 2022-01-24 19:38:44 UTC,14656a50-c687-48e0-a2d9-819709e3ffa3,Kevin Pierre-Louis,57,LB,sr:player:830639,Questionable,2021-09-10T00:00:00+00:00,Thigh,Did Not Participate In Practice,
32,82d2d380-3834-4938-835f-aec541e5ece7,Texans,Houston,HOU,sr:competitor:4324,"{'id': '06275f0f-08ff-4787-91fc-5c30464ccfd9', 'year': 2021, 'type': 'REG', 'name': 'REG'}","{'id': '3ca1343b-9e11-438c-9d7a-5f33cb775c3f', 'sequence': 1, 'title': '1'}",Generation started @ 2022-01-24 19:38:44 UTC ended @ 2022-01-24 19:38:44 UTC,eec5265c-7731-4bb6-8af2-4f98a67f9ab7,Deshaun Watson,4,QB,sr:player:1129527,Out,2021-09-10T00:00:00+00:00,Not Injury Related,Did Not Participate In Practice,
33,82d2d380-3834-4938-835f-aec541e5ece7,Texans,Houston,HOU,sr:competitor:4324,"{'id': '06275f0f-08ff-4787-91fc-5c30464ccfd9', 'year': 2021, 'type': 'REG', 'name': 'REG'}","{'id': '3ca1343b-9e11-438c-9d7a-5f33cb775c3f', 'sequence': 1, 'title': '1'}",Generation started @ 2022-01-24 19:38:44 UTC ended @ 2022-01-24 19:38:44 UTC,bc69c92c-58ff-44b2-a18b-07a08ee78dc6,Jonathan Greenard,52,DE,sr:player:2040593,Questionable,2021-09-10T00:00:00+00:00,Illness,Did Not Participate In Practice,
34,82cf9565-6eb9-4f01-bdbd-5aa0d472fcd9,Colts,Indianapolis,IND,sr:competitor:4421,"{'id': '06275f0f-08ff-4787-91fc-5c30464ccfd9', 'year': 2021, 'type': 'REG', 'name': 'REG'}","{'id': '3ca1343b-9e11-438c-9d7a-5f33cb775c3f', 'sequence': 1, 'title': '1'}",Generation started @ 2022-01-24 19:38:44 UTC ended @ 2022-01-24 19:38:44 UTC,f9a138e3-829d-442f-8345-43d1cdbac225,Darius Leonard,53,LB,sr:player:1193892,,2021-09-10T00:00:00+00:00,Ankle,Did Not Participate In Practice,
35,82cf9565-6eb9-4f01-bdbd-5aa0d472fcd9,Colts,Indianapolis,IND,sr:competitor:4421,"{'id': '06275f0f-08ff-4787-91fc-5c30464ccfd9', 'year': 2021, 'type': 'REG', 'name': 'REG'}","{'id': '3ca1343b-9e11-438c-9d7a-5f33cb775c3f', 'sequence': 1, 'title': '1'}",Generation started @ 2022-01-24 19:38:44 UTC ended @ 2022-01-24 19:38:44 UTC,d3fee51d-67f5-413b-a4b2-bde86b97babe,Quenton Nelson,56,OL,sr:player:1188912,Questionable,2021-09-10T00:00:00+00:00,Foot,Full Participation In Practice,Back
36,82cf9565-6eb9-4f01-bdbd-5aa0d472fcd9,Colts,Indianapolis,IND,sr:competitor:4421,"{'id': '06275f0f-08ff-4787-91fc-5c30464ccfd9', 'year': 2021, 'type': 'REG', 'name': 'REG'}","{'id': '3ca1343b-9e11-438c-9d7a-5f33cb775c3f', 'sequence': 1, 'title': '1'}",Generation started @ 2022-01-24 19:38:44 UTC ended @ 2022-01-24 19:38:44 UTC,81a5c010-2e89-4b65-a924-015cf4ea3f94,Xavier Rhodes,27,CB,sr:player:828591,Out,2021-09-10T00:00:00+00:00,Calf,Did Not Participate In Practice,
37,82cf9565-6eb9-4f01-bdbd-5aa0d472fcd9,Colts,Indianapolis,IND,sr:competitor:4421,"{'id': '06275f0f-08ff-4787-91fc-5c30464ccfd9', 'year': 2021, 'type': 'REG', 'name': 'REG'}","{'id': '3ca1343b-9e11-438c-9d7a-5f33cb775c3f', 'sequence': 1, 'title': '1'}",Generation started @ 2022-01-24 19:38:44 UTC ended @ 2022-01-24 19:38:44 UTC,db0c3b1c-8d18-435a-864a-cdd696f963b6,Parris Campbell,1,WR,sr:player:1217528,,2021-09-09T00:00:00+00:00,Achilles,Full Participation In Practice,
38,82cf9565-6eb9-4f01-bdbd-5aa0d472fcd9,Colts,Indianapolis,IND,sr:competitor:4421,"{'id': '06275f0f-08ff-4787-91fc-5c30464ccfd9', 'year': 2021, 'type': 'REG', 'name': 'REG'}","{'id': '3ca1343b-9e11-438c-9d7a-5f33cb775c3f', 'sequence': 1, 'title': '1'}",Generation started @ 2022-01-24 19:38:44 UTC ended @ 2022-01-24 19:38:44 UTC,10bc7a15-0e66-4cdc-bec3-5a60b0b39159,Eric Fisher,79,OT,sr:player:831585,Out,2021-09-10T00:00:00+00:00,Achilles,Limited Participation In Practice,
39,82cf9565-6eb9-4f01-bdbd-5aa0d472fcd9,Colts,Indianapolis,IND,sr:competitor:4421,"{'id': '06275f0f-08ff-4787-91fc-5c30464ccfd9', 'year': 2021, 'type': 'REG', 'name': 'REG'}","{'id': '3ca1343b-9e11-438c-9d7a-5f33cb775c3f', 'sequence': 1, 'title': '1'}",Generation started @ 2022-01-24 19:38:44 UTC ended @ 2022-01-24 19:38:44 UTC,22febe45-170a-4f01-b144-3b35b44c7da4,Danny Pinter,63,G,sr:player:1226866,Questionable,2021-09-10T00:00:00+00:00,Foot,Full Participation In Practice,
40,82cf9565-6eb9-4f01-bdbd-5aa0d472fcd9,Colts,Indianapolis,IND,sr:competitor:4421,"{'id': '06275f0f-08ff-4787-91fc-5c30464ccfd9', 'year': 2021, 'type': 'REG', 'name': 'REG'}","{'id': '3ca1343b-9e11-438c-9d7a-5f33cb775c3f', 'sequence': 1, 'title': '1'}",Generation started @ 2022-01-24 19:38:44 UTC ended @ 2022-01-24 19:38:44 UTC,d22c6b00-da97-4ccf-ae49-f06405fccc3e,Kemoko Turay,57,DE,sr:player:1225970,Out,2021-09-10T00:00:00+00:00,Groin,Did Not Participate In Practice,
41,82cf9565-6eb9-4f01-bdbd-5aa0d472fcd9,Colts,Indianapolis,IND,sr:competitor:4421,"{'id': '06275f0f-08ff-4787-91fc-5c30464ccfd9', 'year': 2021, 'type': 'REG', 'name': 'REG'}","{'id': '3ca1343b-9e11-438c-9d7a-5f33cb775c3f', 'sequence': 1, 'title': '1'}",Generation started @ 2022-01-24 19:38:44 UTC ended @ 2022-01-24 19:38:44 UTC,e9a5c16b-4472-4be9-8030-3f77be7890cb,Carson Wentz,2,QB,sr:player:986895,,2021-09-08T00:00:00+00:00,Foot,Full Participation In Practice,
42,82cf9565-6eb9-4f01-bdbd-5aa0d472fcd9,Colts,Indianapolis,IND,sr:competitor:4421,"{'id': '06275f0f-08ff-4787-91fc-5c30464ccfd9', 'year': 2021, 'type': 'REG', 'name': 'REG'}","{'id': '3ca1343b-9e11-438c-9d7a-5f33cb775c3f', 'sequence': 1, 'title': '1'}",Generation started @ 2022-01-24 19:38:44 UTC ended @ 2022-01-24 19:38:44 UTC,bd413539-9351-454e-9d61-4e8635d7e9f5,Jack Doyle,84,TE,sr:player:831337,,2021-09-10T00:00:00+00:00,Rest,Full Participation In Practice,
43,d26a1ca5-722d-4274-8f97-c92e49c96315,Titans,Tennessee,TEN,sr:competitor:367364,"{'id': '06275f0f-08ff-4787-91fc-5c30464ccfd9', 'year': 2021, 'type': 'REG', 'name': 'REG'}","{'id': '3ca1343b-9e11-438c-9d7a-5f33cb775c3f', 'sequence': 1, 'title': '1'}",Generation started @ 2022-01-24 19:38:44 UTC ended @ 2022-01-24 19:38:44 UTC,f61e6429-3f9b-478c-8697-e00fe813ce9c,Sam Ficken,4,K,sr:player:1011399,Questionable,2021-09-10T00:00:00+00:00,Groin,Limited Participation In Practice,
44,d26a1ca5-722d-4274-8f97-c92e49c96315,Titans,Tennessee,TEN,sr:competitor:367364,"{'id': '06275f0f-08ff-4787-91fc-5c30464ccfd9', 'year': 2021, 'type': 'REG', 'name': 'REG'}","{'id': '3ca1343b-9e11-438c-9d7a-5f33cb775c3f', 'sequence': 1, 'title': '1'}",Generation started @ 2022-01-24 19:38:44 UTC ended @ 2022-01-24 19:38:44 UTC,a9e580f2-1fbe-46fb-887c-c84089b507e4,A.J. Brown,11,WR,sr:player:1224438,,2021-09-08T00:00:00+00:00,Knee,Full Participation In Practice,
45,d26a1ca5-722d-4274-8f97-c92e49c96315,Titans,Tennessee,TEN,sr:competitor:367364,"{'id': '06275f0f-08ff-4787-91fc-5c30464ccfd9', 'year': 2021, 'type': 'REG', 'name': 'REG'}","{'id': '3ca1343b-9e11-438c-9d7a-5f33cb775c3f', 'sequence': 1, 'title': '1'}",Generation started @ 2022-01-24 19:38:44 UTC ended @ 2022-01-24 19:38:44 UTC,099c975d-104f-4bac-9815-52346771a515,Chris Jackson,35,DB,sr:player:2039963,Questionable,2021-09-10T00:00:00+00:00,Hamstring,Limited Participation In Practice,
46,d26a1ca5-722d-4274-8f97-c92e49c96315,Titans,Tennessee,TEN,sr:competitor:367364,"{'id': '06275f0f-08ff-4787-91fc-5c30464ccfd9', 'year': 2021, 'type': 'REG', 'name': 'REG'}","{'id': '3ca1343b-9e11-438c-9d7a-5f33cb775c3f', 'sequence': 1, 'title': '1'}",Generation started @ 2022-01-24 19:38:44 UTC ended @ 2022-01-24 19:38:44 UTC,55d7adb4-be58-4c59-9a6e-1ceb73c10c4d,David Long Jr.,51,LB,sr:player:1216282,Out,2021-09-10T00:00:00+00:00,Hamstring,Did Not Participate In Practice,
47,d26a1ca5-722d-4274-8f97-c92e49c96315,Titans,Tennessee,TEN,sr:competitor:367364,"{'id': '06275f0f-08ff-4787-91fc-5c30464ccfd9', 'year': 2021, 'type': 'REG', 'name': 'REG'}","{'id': '3ca1343b-9e11-438c-9d7a-5f33cb775c3f', 'sequence': 1, 'title': '1'}",Generation started @ 2022-01-24 19:38:44 UTC ended @ 2022-01-24 19:38:44 UTC,62d557bc-ee99-4703-83f8-e7b1ca0c89e7,Tommy Hudson,89,TE,sr:player:1229094,Out,2021-09-11T00:00:00+00:00,Toe,Did Not Participate In Practice,
48,d26a1ca5-722d-4274-8f97-c92e49c96315,Titans,Tennessee,TEN,sr:competitor:367364,"{'id': '06275f0f-08ff-4787-91fc-5c30464ccfd9', 'year': 2021, 'type': 'REG', 'name': 'REG'}","{'id': '3ca1343b-9e11-438c-9d7a-5f33cb775c3f', 'sequence': 1, 'title': '1'}",Generation started @ 2022-01-24 19:38:44 UTC ended @ 2022-01-24 19:38:44 UTC,682eda79-0026-4ad8-8f45-a61ce42cb908,Josh Reynolds,18,WR,sr:player:1130145,Questionable,2021-09-10T00:00:00+00:00,Foot,Limited Participation In Practice,
49,1f6dcffb-9823-43cd-9ff4-e7a8466749b5,Chargers,Los Angeles,LAC,sr:competitor:4429,"{'id': '06275f0f-08ff-4787-91fc-5c30464ccfd9', 'year': 2021, 'type': 'REG', 'name': 'REG'}","{'id': '3ca1343b-9e11-438c-9d7a-5f33cb775c3f', 'sequence': 1, 'title': '1'}",Generation started @ 2022-01-24 19:38:44 UTC ended @ 2022-01-24 19:38:44 UTC,2f80e90d-dbff-4395-81c9-4e61c247d0f1,Bryan Bulaga,75,T,sr:player:829757,,2021-09-08T00:00:00+00:00,Groin,Full Participation In Practice,
50,1f6dcffb-9823-43cd-9ff4-e7a8466749b5,Chargers,Los Angeles,LAC,sr:competitor:4429,"{'id': '06275f0f-08ff-4787-91fc-5c30464ccfd9', 'year': 2021, 'type': 'REG', 'name': 'REG'}","{'id': '3ca1343b-9e11-438c-9d7a-5f33cb775c3f', 'sequence': 1, 'title': '1'}",Generation started @ 2022-01-24 19:38:44 UTC ended @ 2022-01-24 19:38:44 UTC,e5b8c439-a48a-4f83-b63b-1a4d30e04cd3,Austin Ekeler,30,RB,sr:player:1131789,Questionable,2021-09-10T00:00:00+00:00,Hamstring,Did Not Participate In Practice,
51,1f6dcffb-9823-43cd-9ff4-e7a8466749b5,Chargers,Los Angeles,LAC,sr:competitor:4429,"{'id': '06275f0f-08ff-4787-91fc-5c30464ccfd9', 'year': 2021, 'type': 'REG', 'name': 'REG'}","{'id': '3ca1343b-9e11-438c-9d7a-5f33cb775c3f', 'sequence': 1, 'title': '1'}",Generation started @ 2022-01-24 19:38:44 UTC ended @ 2022-01-24 19:38:44 UTC,bfdeb053-b503-4f35-968b-78d8a9997473,Trey Marshall,36,DB,sr:player:1218766,Out,2021-09-10T00:00:00+00:00,Ankle,Did Not Participate In Practice,
52,1f6dcffb-9823-43cd-9ff4-e7a8466749b5,Chargers,Los Angeles,LAC,sr:competitor:4429,"{'id': '06275f0f-08ff-4787-91fc-5c30464ccfd9', 'year': 2021, 'type': 'REG', 'name': 'REG'}","{'id': '3ca1343b-9e11-438c-9d7a-5f33cb775c3f', 'sequence': 1, 'title': '1'}",Generation started @ 2022-01-24 19:38:44 UTC ended @ 2022-01-24 19:38:44 UTC,538cf938-8f65-435f-b8fd-2856ce5c4e6d,Gabe Nabers,40,FB,sr:player:1217400,,2021-09-08T00:00:00+00:00,Knee,Full Participation In Practice,
53,6680d28d-d4d2-49f6-aace-5292d3ec02c2,Chiefs,Kansas City,KC,sr:competitor:4422,"{'id': '06275f0f-08ff-4787-91fc-5c30464ccfd9', 'year': 2021, 'type': 'REG', 'name': 'REG'}","{'id': '3ca1343b-9e11-438c-9d7a-5f33cb775c3f', 'sequence': 1, 'title': '1'}",Generation started @ 2022-01-24 19:38:44 UTC ended @ 2022-01-24 19:38:44 UTC,776e4a24-08d7-46f4-a713-d384cd567f21,Mike Remmers,75,T,sr:player:828353,,2021-09-08T00:00:00+00:00,Shoulder,Full Participation In Practice,
54,6680d28d-d4d2-49f6-aace-5292d3ec02c2,Chiefs,Kansas City,KC,sr:competitor:4422,"{'id': '06275f0f-08ff-4787-91fc-5c30464ccfd9', 'year': 2021, 'type': 'REG', 'name': 'REG'}","{'id': '3ca1343b-9e11-438c-9d7a-5f33cb775c3f', 'sequence': 1, 'title': '1'}",Generation started @ 2022-01-24 19:38:44 UTC ended @ 2022-01-24 19:38:44 UTC,eb6c7e5d-987f-480d-9618-43f56e0b565f,Austin Blythe,66,OL,sr:player:988603,,2021-09-10T00:00:00+00:00,Abdomen,Did Not Participate In Practice,
55,6680d28d-d4d2-49f6-aace-5292d3ec02c2,Chiefs,Kansas City,KC,sr:competitor:4422,"{'id': '06275f0f-08ff-4787-91fc-5c30464ccfd9', 'year': 2021, 'type': 'REG', 'name': 'REG'}","{'id': '3ca1343b-9e11-438c-9d7a-5f33cb775c3f', 'sequence': 1, 'title': '1'}",Generation started @ 2022-01-24 19:38:44 UTC ended @ 2022-01-24 19:38:44 UTC,490c15eb-accc-4441-be7d-c7114e1e42fc,Frank Clark,55,DE,sr:player:834679,Questionable,2021-09-10T00:00:00+00:00,Hamstring,Limited Participation In Practice,
56,6680d28d-d4d2-49f6-aace-5292d3ec02c2,Chiefs,Kansas City,KC,sr:competitor:4422,"{'id': '06275f0f-08ff-4787-91fc-5c30464ccfd9', 'year': 2021, 'type': 'REG', 'name': 'REG'}","{'id': '3ca1343b-9e11-438c-9d7a-5f33cb775c3f', 'sequence': 1, 'title': '1'}",Generation started @ 2022-01-24 19:38:44 UTC ended @ 2022-01-24 19:38:44 UTC,1d334dc2-7fa8-4d4b-8359-b4bfd50b758e,Laurent Duvernay-Tardif,76,OG,sr:player:855644,,2021-09-08T00:00:00+00:00,Hand,Full Participation In Practice,
57,6680d28d-d4d2-49f6-aace-5292d3ec02c2,Chiefs,Kansas City,KC,sr:competitor:4422,"{'id': '06275f0f-08ff-4787-91fc-5c30464ccfd9', 'year': 2021, 'type': 'REG', 'name': 'REG'}","{'id': '3ca1343b-9e11-438c-9d7a-5f33cb775c3f', 'sequence': 1, 'title': '1'}",Generation started @ 2022-01-24 19:38:44 UTC ended @ 2022-01-24 19:38:44 UTC,8aa01565-4481-443a-9951-642c98ded113,Clyde Edwards-Helaire,25,RB,sr:player:2040247,,2021-09-08T00:00:00+00:00,Ankle,Full Participation In Practice,
58,6680d28d-d4d2-49f6-aace-5292d3ec02c2,Chiefs,Kansas City,KC,sr:competitor:4422,"{'id': '06275f0f-08ff-4787-91fc-5c30464ccfd9', 'year': 2021, 'type': 'REG', 'name': 'REG'}","{'id': '3ca1343b-9e11-438c-9d7a-5f33cb775c3f', 'sequence': 1, 'title': '1'}",Generation started @ 2022-01-24 19:38:44 UTC ended @ 2022-01-24 19:38:44 UTC,8c8b7d6e-6ed8-4a10-8ae9-b50300bd766b,Tyrann Mathieu,32,SAF,sr:player:828151,Questionable,2021-09-11T00:00:00+00:00,Illness,,
59,6680d28d-d4d2-49f6-aace-5292d3ec02c2,Chiefs,Kansas City,KC,sr:competitor:4422,"{'id': '06275f0f-08ff-4787-91fc-5c30464ccfd9', 'year': 2021, 'type': 'REG', 'name': 'REG'}","{'id': '3ca1343b-9e11-438c-9d7a-5f33cb775c3f', 'sequence': 1, 'title': '1'}",Generation started @ 2022-01-24 19:38:44 UTC ended @ 2022-01-24 19:38:44 UTC,fe6dc768-d576-476c-b150-53b85af2a1d1,Mecole Hardman,17,WR,sr:player:1204728,,2021-09-09T00:00:00+00:00,Oblique,Full Participation In Practice,
60,6680d28d-d4d2-49f6-aace-5292d3ec02c2,Chiefs,Kansas City,KC,sr:competitor:4422,"{'id': '06275f0f-08ff-4787-91fc-5c30464ccfd9', 'year': 2021, 'type': 'REG', 'name': 'REG'}","{'id': '3ca1343b-9e11-438c-9d7a-5f33cb775c3f', 'sequence': 1, 'title': '1'}",Generation started @ 2022-01-24 19:38:44 UTC ended @ 2022-01-24 19:38:44 UTC,a1182eb3-26cb-4d34-b29a-df673973f08b,Derrick Nnadi,91,DT,sr:player:1219150,Questionable,2021-09-10T00:00:00+00:00,Hip,Limited Participation In Practice,
61,6680d28d-d4d2-49f6-aace-5292d3ec02c2,Chiefs,Kansas City,KC,sr:competitor:4422,"{'id': '06275f0f-08ff-4787-91fc-5c30464ccfd9', 'year': 2021, 'type': 'REG', 'name': 'REG'}","{'id': '3ca1343b-9e11-438c-9d7a-5f33cb775c3f', 'sequence': 1, 'title': '1'}",Generation started @ 2022-01-24 19:38:44 UTC ended @ 2022-01-24 19:38:44 UTC,382bf27a-8afb-4ffe-b7b8-9a960b98049a,Trey Smith,65,OL,sr:player:2197606,,2021-09-08T00:00:00+00:00,Shoulder,Full Participation In Practice,
62,04aa1c9d-66da-489d-b16a-1dee3f2eec4d,Giants,New York,NYG,sr:competitor:4426,"{'id': '06275f0f-08ff-4787-91fc-5c30464ccfd9', 'year': 2021, 'type': 'REG', 'name': 'REG'}","{'id': '3ca1343b-9e11-438c-9d7a-5f33cb775c3f', 'sequence': 1, 'title': '1'}",Generation started @ 2022-01-24 19:38:44 UTC ended @ 2022-01-24 19:38:44 UTC,e21365af-8d66-416e-b0a5-8816d18fcfd9,Evan Engram,88,TE,sr:player:1129555,Out,2021-09-10T00:00:00+00:00,Calf,Did Not Participate In Practice,
63,04aa1c9d-66da-489d-b16a-1dee3f2eec4d,Giants,New York,NYG,sr:competitor:4426,"{'id': '06275f0f-08ff-4787-91fc-5c30464ccfd9', 'year': 2021, 'type': 'REG', 'name': 'REG'}","{'id': '3ca1343b-9e11-438c-9d7a-5f33cb775c3f', 'sequence': 1, 'title': '1'}",Generation started @ 2022-01-24 19:38:44 UTC ended @ 2022-01-24 19:38:44 UTC,9811b753-347c-467a-b3cb-85937e71e2b9,Saquon Barkley,26,RB,sr:player:1473460,Questionable,2021-09-10T00:00:00+00:00,Knee,Limited Participation In Practice,
64,04aa1c9d-66da-489d-b16a-1dee3f2eec4d,Giants,New York,NYG,sr:competitor:4426,"{'id': '06275f0f-08ff-4787-91fc-5c30464ccfd9', 'year': 2021, 'type': 'REG', 'name': 'REG'}","{'id': '3ca1343b-9e11-438c-9d7a-5f33cb775c3f', 'sequence': 1, 'title': '1'}",Generation started @ 2022-01-24 19:38:44 UTC ended @ 2022-01-24 19:38:44 UTC,659d31a3-9c62-4e3d-a0ea-b2e4967d6947,Kenny Golladay,19,WR,sr:player:1129813,,2021-09-08T00:00:00+00:00,Hamstring,Limited Participation In Practice,
65,04aa1c9d-66da-489d-b16a-1dee3f2eec4d,Giants,New York,NYG,sr:competitor:4426,"{'id': '06275f0f-08ff-4787-91fc-5c30464ccfd9', 'year': 2021, 'type': 'REG', 'name': 'REG'}","{'id': '3ca1343b-9e11-438c-9d7a-5f33cb775c3f', 'sequence': 1, 'title': '1'}",Generation started @ 2022-01-24 19:38:44 UTC ended @ 2022-01-24 19:38:44 UTC,77b90860-a321-42ce-b505-32216dc40276,Justin Hilliard,46,LB,sr:player:1216932,,2021-09-08T00:00:00+00:00,Foot,Limited Participation In Practice,
66,04aa1c9d-66da-489d-b16a-1dee3f2eec4d,Giants,New York,NYG,sr:competitor:4426,"{'id': '06275f0f-08ff-4787-91fc-5c30464ccfd9', 'year': 2021, 'type': 'REG', 'name': 'REG'}","{'id': '3ca1343b-9e11-438c-9d7a-5f33cb775c3f', 'sequence': 1, 'title': '1'}",Generation started @ 2022-01-24 19:38:44 UTC ended @ 2022-01-24 19:38:44 UTC,6db40c6e-7d09-486e-b80d-1d8008547250,Adoree' Jackson,22,DB,sr:player:1129503,Questionable,2021-09-10T00:00:00+00:00,Ankle,Limited Participation In Practice,
67,04aa1c9d-66da-489d-b16a-1dee3f2eec4d,Giants,New York,NYG,sr:competitor:4426,"{'id': '06275f0f-08ff-4787-91fc-5c30464ccfd9', 'year': 2021, 'type': 'REG', 'name': 'REG'}","{'id': '3ca1343b-9e11-438c-9d7a-5f33cb775c3f', 'sequence': 1, 'title': '1'}",Generation started @ 2022-01-24 19:38:44 UTC ended @ 2022-01-24 19:38:44 UTC,fbf2dd5f-b324-424d-8cd3-335b0d695c6a,Josh Jackson,27,CB,sr:player:1473958,,2021-09-08T00:00:00+00:00,Calf,Limited Participation In Practice,
68,04aa1c9d-66da-489d-b16a-1dee3f2eec4d,Giants,New York,NYG,sr:competitor:4426,"{'id': '06275f0f-08ff-4787-91fc-5c30464ccfd9', 'year': 2021, 'type': 'REG', 'name': 'REG'}","{'id': '3ca1343b-9e11-438c-9d7a-5f33cb775c3f', 'sequence': 1, 'title': '1'}",Generation started @ 2022-01-24 19:38:44 UTC ended @ 2022-01-24 19:38:44 UTC,1059e9dc-97df-4643-9116-883a0573d8b1,Kyle Rudolph,80,TE,sr:player:828751,,2021-09-08T00:00:00+00:00,Foot,Limited Participation In Practice,
69,04aa1c9d-66da-489d-b16a-1dee3f2eec4d,Giants,New York,NYG,sr:competitor:4426,"{'id': '06275f0f-08ff-4787-91fc-5c30464ccfd9', 'year': 2021, 'type': 'REG', 'name': 'REG'}","{'id': '3ca1343b-9e11-438c-9d7a-5f33cb775c3f', 'sequence': 1, 'title': '1'}",Generation started @ 2022-01-24 19:38:44 UTC ended @ 2022-01-24 19:38:44 UTC,cb491475-1814-4914-9777-fb865ae0d70b,Danny Shelton,75,DT,sr:player:834523,,2021-09-08T00:00:00+00:00,Neck,Limited Participation In Practice,
70,04aa1c9d-66da-489d-b16a-1dee3f2eec4d,Giants,New York,NYG,sr:competitor:4426,"{'id': '06275f0f-08ff-4787-91fc-5c30464ccfd9', 'year': 2021, 'type': 'REG', 'name': 'REG'}","{'id': '3ca1343b-9e11-438c-9d7a-5f33cb775c3f', 'sequence': 1, 'title': '1'}",Generation started @ 2022-01-24 19:38:44 UTC ended @ 2022-01-24 19:38:44 UTC,7bb7f5e7-f00e-47d8-954d-90bf5baf4292,Kaden Smith,82,TE,sr:player:1833918,,2021-09-08T00:00:00+00:00,Knee,Limited Participation In Practice,
71,04aa1c9d-66da-489d-b16a-1dee3f2eec4d,Giants,New York,NYG,sr:competitor:4426,"{'id': '06275f0f-08ff-4787-91fc-5c30464ccfd9', 'year': 2021, 'type': 'REG', 'name': 'REG'}","{'id': '3ca1343b-9e11-438c-9d7a-5f33cb775c3f', 'sequence': 1, 'title': '1'}",Generation started @ 2022-01-24 19:38:44 UTC ended @ 2022-01-24 19:38:44 UTC,b493daf9-e550-497c-b382-4ffda2e47260,Andrew Thomas,78,T,sr:player:2040607,,2021-09-08T00:00:00+00:00,Ankle,Limited Participation In Practice,
72,04aa1c9d-66da-489d-b16a-1dee3f2eec4d,Giants,New York,NYG,sr:competitor:4426,"{'id': '06275f0f-08ff-4787-91fc-5c30464ccfd9', 'year': 2021, 'type': 'REG', 'name': 'REG'}","{'id': '3ca1343b-9e11-438c-9d7a-5f33cb775c3f', 'sequence': 1, 'title': '1'}",Generation started @ 2022-01-24 19:38:44 UTC ended @ 2022-01-24 19:38:44 UTC,b4af6462-3e3a-49d5-9d96-482ad9f3c0c8,Kadarius Toney,89,WR,sr:player:2198078,,2021-09-08T00:00:00+00:00,Hamstring,Limited Participation In Practice,
73,33405046-04ee-4058-a950-d606f8c30852,Vikings,Minnesota,MIN,sr:competitor:4423,"{'id': '06275f0f-08ff-4787-91fc-5c30464ccfd9', 'year': 2021, 'type': 'REG', 'name': 'REG'}","{'id': '3ca1343b-9e11-438c-9d7a-5f33cb775c3f', 'sequence': 1, 'title': '1'}",Generation started @ 2022-01-24 19:38:44 UTC ended @ 2022-01-24 19:38:44 UTC,23616a22-8266-4b0c-b0b9-5f8187178168,Anthony Barr,55,LB,sr:player:830799,Out,2021-09-10T00:00:00+00:00,Knee,Did Not Participate In Practice,
74,33405046-04ee-4058-a950-d606f8c30852,Vikings,Minnesota,MIN,sr:competitor:4423,"{'id': '06275f0f-08ff-4787-91fc-5c30464ccfd9', 'year': 2021, 'type': 'REG', 'name': 'REG'}","{'id': '3ca1343b-9e11-438c-9d7a-5f33cb775c3f', 'sequence': 1, 'title': '1'}",Generation started @ 2022-01-24 19:38:44 UTC ended @ 2022-01-24 19:38:44 UTC,f0d17dfa-ebf3-416c-a8d2-c6bc30675103,Tyler Conklin,83,TE,sr:player:1229876,,2021-09-10T00:00:00+00:00,Hamstring,Full Participation In Practice,
75,33405046-04ee-4058-a950-d606f8c30852,Vikings,Minnesota,MIN,sr:competitor:4423,"{'id': '06275f0f-08ff-4787-91fc-5c30464ccfd9', 'year': 2021, 'type': 'REG', 'name': 'REG'}","{'id': '3ca1343b-9e11-438c-9d7a-5f33cb775c3f', 'sequence': 1, 'title': '1'}",Generation started @ 2022-01-24 19:38:44 UTC ended @ 2022-01-24 19:38:44 UTC,584c0cd5-fe93-40e1-8155-9abcf06d79b0,Christian Darrisaw,71,T,sr:player:2197924,Out,2021-09-10T00:00:00+00:00,Groin,Limited Participation In Practice,
76,33405046-04ee-4058-a950-d606f8c30852,Vikings,Minnesota,MIN,sr:competitor:4423,"{'id': '06275f0f-08ff-4787-91fc-5c30464ccfd9', 'year': 2021, 'type': 'REG', 'name': 'REG'}","{'id': '3ca1343b-9e11-438c-9d7a-5f33cb775c3f', 'sequence': 1, 'title': '1'}",Generation started @ 2022-01-24 19:38:44 UTC ended @ 2022-01-24 19:38:44 UTC,e135eaa4-1688-487a-a924-4d83b16977df,Josh Metellus,44,SAF,sr:player:1216804,,2021-09-10T00:00:00+00:00,Ankle,Full Participation In Practice,
77,33405046-04ee-4058-a950-d606f8c30852,Vikings,Minnesota,MIN,sr:competitor:4423,"{'id': '06275f0f-08ff-4787-91fc-5c30464ccfd9', 'year': 2021, 'type': 'REG', 'name': 'REG'}","{'id': '3ca1343b-9e11-438c-9d7a-5f33cb775c3f', 'sequence': 1, 'title': '1'}",Generation started @ 2022-01-24 19:38:44 UTC ended @ 2022-01-24 19:38:44 UTC,ae4faec0-509d-4080-b5cb-d1a44d062858,Alexander Mattison,25,RB,sr:player:1197616,,2021-09-10T00:00:00+00:00,Ribs,Full Participation In Practice,
78,33405046-04ee-4058-a950-d606f8c30852,Vikings,Minnesota,MIN,sr:competitor:4423,"{'id': '06275f0f-08ff-4787-91fc-5c30464ccfd9', 'year': 2021, 'type': 'REG', 'name': 'REG'}","{'id': '3ca1343b-9e11-438c-9d7a-5f33cb775c3f', 'sequence': 1, 'title': '1'}",Generation started @ 2022-01-24 19:38:44 UTC ended @ 2022-01-24 19:38:44 UTC,046c51bc-319e-4fbb-9cf3-f6ab808b8edf,Dede Westbrook,12,WR,sr:player:1129969,,2021-09-10T00:00:00+00:00,Knee,Full Participation In Practice,
79,e6aa13a4-0055-48a9-bc41-be28dc106929,Falcons,Atlanta,ATL,sr:competitor:4393,"{'id': '06275f0f-08ff-4787-91fc-5c30464ccfd9', 'year': 2021, 'type': 'REG', 'name': 'REG'}","{'id': '3ca1343b-9e11-438c-9d7a-5f33cb775c3f', 'sequence': 1, 'title': '1'}",Generation started @ 2022-01-24 19:38:44 UTC ended @ 2022-01-24 19:38:44 UTC,b6d2274d-87cf-4427-bddf-ee8a1b4ea652,Brandon Copeland,0,LB,sr:player:831361,,2021-09-10T00:00:00+00:00,Hamstring,Full Participation In Practice,
80,e6aa13a4-0055-48a9-bc41-be28dc106929,Falcons,Atlanta,ATL,sr:competitor:4393,"{'id': '06275f0f-08ff-4787-91fc-5c30464ccfd9', 'year': 2021, 'type': 'REG', 'name': 'REG'}","{'id': '3ca1343b-9e11-438c-9d7a-5f33cb775c3f', 'sequence': 1, 'title': '1'}",Generation started @ 2022-01-24 19:38:44 UTC ended @ 2022-01-24 19:38:44 UTC,e1fe1900-fae3-414e-8530-55eece80471f,Grady Jarrett,97,DT,sr:player:835223,,2021-09-10T00:00:00+00:00,Personal,Full Participation In Practice,
81,cb2f9f1f-ac67-424e-9e72-1475cb0ed398,Steelers,Pittsburgh,PIT,sr:competitor:4345,"{'id': '06275f0f-08ff-4787-91fc-5c30464ccfd9', 'year': 2021, 'type': 'REG', 'name': 'REG'}","{'id': '3ca1343b-9e11-438c-9d7a-5f33cb775c3f', 'sequence': 1, 'title': '1'}",Generation started @ 2022-01-24 19:38:44 UTC ended @ 2022-01-24 19:38:44 UTC,68fd7ef5-2237-456f-925c-68000917edea,Kendrick Green,53,C,sr:player:2197696,,2021-09-09T00:00:00+00:00,Thumb,Full Participation In Practice,
82,cb2f9f1f-ac67-424e-9e72-1475cb0ed398,Steelers,Pittsburgh,PIT,sr:competitor:4345,"{'id': '06275f0f-08ff-4787-91fc-5c30464ccfd9', 'year': 2021, 'type': 'REG', 'name': 'REG'}","{'id': '3ca1343b-9e11-438c-9d7a-5f33cb775c3f', 'sequence': 1, 'title': '1'}",Generation started @ 2022-01-24 19:38:44 UTC ended @ 2022-01-24 19:38:44 UTC,3f4025d1-5782-43e4-9f42-8eee2da66a95,Alex Highsmith,56,LB,sr:player:2040613,Questionable,2021-09-10T00:00:00+00:00,Groin,Full Participation In Practice,
83,cb2f9f1f-ac67-424e-9e72-1475cb0ed398,Steelers,Pittsburgh,PIT,sr:competitor:4345,"{'id': '06275f0f-08ff-4787-91fc-5c30464ccfd9', 'year': 2021, 'type': 'REG', 'name': 'REG'}","{'id': '3ca1343b-9e11-438c-9d7a-5f33cb775c3f', 'sequence': 1, 'title': '1'}",Generation started @ 2022-01-24 19:38:44 UTC ended @ 2022-01-24 19:38:44 UTC,1aa8d83f-c084-4893-b9b0-b1296ec822f1,Tyson Alualu,94,DE,sr:player:830745,,2021-09-09T00:00:00+00:00,Elbow,Full Participation In Practice,
84,cb2f9f1f-ac67-424e-9e72-1475cb0ed398,Steelers,Pittsburgh,PIT,sr:competitor:4345,"{'id': '06275f0f-08ff-4787-91fc-5c30464ccfd9', 'year': 2021, 'type': 'REG', 'name': 'REG'}","{'id': '3ca1343b-9e11-438c-9d7a-5f33cb775c3f', 'sequence': 1, 'title': '1'}",Generation started @ 2022-01-24 19:38:44 UTC ended @ 2022-01-24 19:38:44 UTC,814aa074-fc61-4649-b7a1-098bd3a199fd,James Washington,13,WR,sr:player:1473908,,2021-09-10T00:00:00+00:00,Finger,Limited Participation In Practice,
85,7b112545-38e6-483c-a55c-96cf6ee49cb8,Bears,Chicago,CHI,sr:competitor:4391,"{'id': '06275f0f-08ff-4787-91fc-5c30464ccfd9', 'year': 2021, 'type': 'REG', 'name': 'REG'}","{'id': '3ca1343b-9e11-438c-9d7a-5f33cb775c3f', 'sequence': 1, 'title': '1'}",Generation started @ 2022-01-24 19:38:44 UTC ended @ 2022-01-24 19:38:44 UTC,d5efd828-7339-43a7-ad7e-6f936dbbabb2,Tashaun Gipson Sr.,38,DB,sr:player:831467,Questionable,2021-09-10T00:00:00+00:00,Back,Limited Participation In Practice,
86,7b112545-38e6-483c-a55c-96cf6ee49cb8,Bears,Chicago,CHI,sr:competitor:4391,"{'id': '06275f0f-08ff-4787-91fc-5c30464ccfd9', 'year': 2021, 'type': 'REG', 'name': 'REG'}","{'id': '3ca1343b-9e11-438c-9d7a-5f33cb775c3f', 'sequence': 1, 'title': '1'}",Generation started @ 2022-01-24 19:38:44 UTC ended @ 2022-01-24 19:38:44 UTC,881eb214-c981-46c0-a0cf-34023e773754,Eddie Goldman,91,DT,sr:player:834735,Out,2021-09-10T00:00:00+00:00,Knee,Did Not Participate In Practice,Ankle
87,7b112545-38e6-483c-a55c-96cf6ee49cb8,Bears,Chicago,CHI,sr:competitor:4391,"{'id': '06275f0f-08ff-4787-91fc-5c30464ccfd9', 'year': 2021, 'type': 'REG', 'name': 'REG'}","{'id': '3ca1343b-9e11-438c-9d7a-5f33cb775c3f', 'sequence': 1, 'title': '1'}",Generation started @ 2022-01-24 19:38:44 UTC ended @ 2022-01-24 19:38:44 UTC,fd85786d-3900-4dc0-9b30-334ee30413ed,Jimmy Graham,80,TE,sr:player:827505,,2021-09-09T00:00:00+00:00,Not Injury Related,Full Participation In Practice,
88,7b112545-38e6-483c-a55c-96cf6ee49cb8,Bears,Chicago,CHI,sr:competitor:4391,"{'id': '06275f0f-08ff-4787-91fc-5c30464ccfd9', 'year': 2021, 'type': 'REG', 'name': 'REG'}","{'id': '3ca1343b-9e11-438c-9d7a-5f33cb775c3f', 'sequence': 1, 'title': '1'}",Generation started @ 2022-01-24 19:38:44 UTC ended @ 2022-01-24 19:38:44 UTC,ea59d8de-e3df-4a7b-9778-7d6dc4892fc3,Joel Iyiegbuniwe,45,LB,sr:player:1193498,Questionable,2021-09-10T00:00:00+00:00,Shoulder,Full Participation In Practice,
89,7b112545-38e6-483c-a55c-96cf6ee49cb8,Bears,Chicago,CHI,sr:competitor:4391,"{'id': '06275f0f-08ff-4787-91fc-5c30464ccfd9', 'year': 2021, 'type': 'REG', 'name': 'REG'}","{'id': '3ca1343b-9e11-438c-9d7a-5f33cb775c3f', 'sequence': 1, 'title': '1'}",Generation started @ 2022-01-24 19:38:44 UTC ended @ 2022-01-24 19:38:44 UTC,33c74bf8-7621-48be-a769-e219703988d9,Khalil Mack,52,LB,sr:player:854866,Questionable,2021-09-08T00:00:00+00:00,Groin,Full Participation In Practice,
90,7b112545-38e6-483c-a55c-96cf6ee49cb8,Bears,Chicago,CHI,sr:competitor:4391,"{'id': '06275f0f-08ff-4787-91fc-5c30464ccfd9', 'year': 2021, 'type': 'REG', 'name': 'REG'}","{'id': '3ca1343b-9e11-438c-9d7a-5f33cb775c3f', 'sequence': 1, 'title': '1'}",Generation started @ 2022-01-24 19:38:44 UTC ended @ 2022-01-24 19:38:44 UTC,bafe8df1-66b5-4200-8fb3-ff188c25a4e2,Darnell Mooney,11,WR,sr:player:2040149,Questionable,2021-09-08T00:00:00+00:00,Back,Full Participation In Practice,
91,7b112545-38e6-483c-a55c-96cf6ee49cb8,Bears,Chicago,CHI,sr:competitor:4391,"{'id': '06275f0f-08ff-4787-91fc-5c30464ccfd9', 'year': 2021, 'type': 'REG', 'name': 'REG'}","{'id': '3ca1343b-9e11-438c-9d7a-5f33cb775c3f', 'sequence': 1, 'title': '1'}",Generation started @ 2022-01-24 19:38:44 UTC ended @ 2022-01-24 19:38:44 UTC,57bd3249-bae3-4e13-b4d6-f86dbc4978e7,Robert Quinn,94,LB,sr:player:829819,Questionable,2021-09-10T00:00:00+00:00,Back,Full Participation In Practice,
92,7b112545-38e6-483c-a55c-96cf6ee49cb8,Bears,Chicago,CHI,sr:competitor:4391,"{'id': '06275f0f-08ff-4787-91fc-5c30464ccfd9', 'year': 2021, 'type': 'REG', 'name': 'REG'}","{'id': '3ca1343b-9e11-438c-9d7a-5f33cb775c3f', 'sequence': 1, 'title': '1'}",Generation started @ 2022-01-24 19:38:44 UTC ended @ 2022-01-24 19:38:44 UTC,abb612d4-f5b9-4644-b9ed-f13fa0da7e98,Deon Bush,26,DB,sr:player:1073908,Questionable,2021-09-10T00:00:00+00:00,Shoulder,Full Participation In Practice,
93,7b112545-38e6-483c-a55c-96cf6ee49cb8,Bears,Chicago,CHI,sr:competitor:4391,"{'id': '06275f0f-08ff-4787-91fc-5c30464ccfd9', 'year': 2021, 'type': 'REG', 'name': 'REG'}","{'id': '3ca1343b-9e11-438c-9d7a-5f33cb775c3f', 'sequence': 1, 'title': '1'}",Generation started @ 2022-01-24 19:38:44 UTC ended @ 2022-01-24 19:38:44 UTC,c3ff85db-bad4-444c-9123-812c933c8227,Xavier Crawford,21,DB,sr:player:1184268,,2021-09-08T00:00:00+00:00,Groin,Full Participation In Practice,
94,7b112545-38e6-483c-a55c-96cf6ee49cb8,Bears,Chicago,CHI,sr:competitor:4391,"{'id': '06275f0f-08ff-4787-91fc-5c30464ccfd9', 'year': 2021, 'type': 'REG', 'name': 'REG'}","{'id': '3ca1343b-9e11-438c-9d7a-5f33cb775c3f', 'sequence': 1, 'title': '1'}",Generation started @ 2022-01-24 19:38:44 UTC ended @ 2022-01-24 19:38:44 UTC,8d3ac8d8-e18f-4485-acc6-55c79adcc2a8,J.P. Holtz,81,TE,sr:player:990143,,2021-09-08T00:00:00+00:00,Quad,Full Participation In Practice,
95,7b112545-38e6-483c-a55c-96cf6ee49cb8,Bears,Chicago,CHI,sr:competitor:4391,"{'id': '06275f0f-08ff-4787-91fc-5c30464ccfd9', 'year': 2021, 'type': 'REG', 'name': 'REG'}","{'id': '3ca1343b-9e11-438c-9d7a-5f33cb775c3f', 'sequence': 1, 'title': '1'}",Generation started @ 2022-01-24 19:38:44 UTC ended @ 2022-01-24 19:38:44 UTC,f4c59ced-4d11-4314-a761-ec0883edd3c1,Eddie Jackson,4,DB,sr:player:1130153,Questionable,2021-09-10T00:00:00+00:00,Wrist,Full Participation In Practice,
96,7b112545-38e6-483c-a55c-96cf6ee49cb8,Bears,Chicago,CHI,sr:competitor:4391,"{'id': '06275f0f-08ff-4787-91fc-5c30464ccfd9', 'year': 2021, 'type': 'REG', 'name': 'REG'}","{'id': '3ca1343b-9e11-438c-9d7a-5f33cb775c3f', 'sequence': 1, 'title': '1'}",Generation started @ 2022-01-24 19:38:44 UTC ended @ 2022-01-24 19:38:44 UTC,ff4c90f1-60a7-40f4-ba21-c7abe6800000,Patrick Scales,48,LS,sr:player:829161,Questionable,2021-09-10T00:00:00+00:00,Ankle,Full Participation In Practice,
97,7b112545-38e6-483c-a55c-96cf6ee49cb8,Bears,Chicago,CHI,sr:competitor:4391,"{'id': '06275f0f-08ff-4787-91fc-5c30464ccfd9', 'year': 2021, 'type': 'REG', 'name': 'REG'}","{'id': '3ca1343b-9e11-438c-9d7a-5f33cb775c3f', 'sequence': 1, 'title': '1'}",Generation started @ 2022-01-24 19:38:44 UTC ended @ 2022-01-24 19:38:44 UTC,253afa4e-a404-41e5-82bc-4c41508498f5,Khyiris Tonga,95,DT,sr:player:2197996,,2021-09-08T00:00:00+00:00,Ankle,Full Participation In Practice,
98,7b112545-38e6-483c-a55c-96cf6ee49cb8,Bears,Chicago,CHI,sr:competitor:4391,"{'id': '06275f0f-08ff-4787-91fc-5c30464ccfd9', 'year': 2021, 'type': 'REG', 'name': 'REG'}","{'id': '3ca1343b-9e11-438c-9d7a-5f33cb775c3f', 'sequence': 1, 'title': '1'}",Generation started @ 2022-01-24 19:38:44 UTC ended @ 2022-01-24 19:38:44 UTC,90908a56-901b-466d-8689-943075da96fe,Damien Williams,8,RB,sr:player:830459,,2021-09-08T00:00:00+00:00,Oblique,Full Participation In Practice,
99,f0e724b0-4cbf-495a-be47-013907608da9,49ers,San Francisco,SF,sr:competitor:4389,"{'id': '06275f0f-08ff-4787-91fc-5c30464ccfd9', 'year': 2021, 'type': 'REG', 'name': 'REG'}","{'id': '3ca1343b-9e11-438c-9d7a-5f33cb775c3f', 'sequence': 1, 'title': '1'}",Generation started @ 2022-01-24 19:38:44 UTC ended @ 2022-01-24 19:38:44 UTC,c90471cc-fa60-4416-9388-5aebb5d877eb,Brandon Aiyuk,11,WR,sr:player:2040579,,2021-09-08T00:00:00+00:00,Hamstring,Full Participation In Practice,
100,f0e724b0-4cbf-495a-be47-013907608da9,49ers,San Francisco,SF,sr:competitor:4389,"{'id': '06275f0f-08ff-4787-91fc-5c30464ccfd9', 'year': 2021, 'type': 'REG', 'name': 'REG'}","{'id': '3ca1343b-9e11-438c-9d7a-5f33cb775c3f', 'sequence': 1, 'title': '1'}",Generation started @ 2022-01-24 19:38:44 UTC ended @ 2022-01-24 19:38:44 UTC,848e4531-e43d-4ae1-a2d8-e0d258fb2c93,Aaron Banks,62,OL,sr:player:2197670,,2021-09-08T00:00:00+00:00,Shoulder,Full Participation In Practice,
101,f0e724b0-4cbf-495a-be47-013907608da9,49ers,San Francisco,SF,sr:competitor:4389,"{'id': '06275f0f-08ff-4787-91fc-5c30464ccfd9', 'year': 2021, 'type': 'REG', 'name': 'REG'}","{'id': '3ca1343b-9e11-438c-9d7a-5f33cb775c3f', 'sequence': 1, 'title': '1'}",Generation started @ 2022-01-24 19:38:44 UTC ended @ 2022-01-24 19:38:44 UTC,987c5e68-21d5-4bcb-a5f3-2e09cc512374,Nick Bosa,97,DE,sr:player:1218376,,2021-09-08T00:00:00+00:00,Knee,Full Participation In Practice,
102,f0e724b0-4cbf-495a-be47-013907608da9,49ers,San Francisco,SF,sr:competitor:4389,"{'id': '06275f0f-08ff-4787-91fc-5c30464ccfd9', 'year': 2021, 'type': 'REG', 'name': 'REG'}","{'id': '3ca1343b-9e11-438c-9d7a-5f33cb775c3f', 'sequence': 1, 'title': '1'}",Generation started @ 2022-01-24 19:38:44 UTC ended @ 2022-01-24 19:38:44 UTC,6c434322-0ee2-4df5-a5e8-1a6e5f12285e,Dee Ford,55,DE,sr:player:855798,,2021-09-08T00:00:00+00:00,Back,Full Participation In Practice,
103,f0e724b0-4cbf-495a-be47-013907608da9,49ers,San Francisco,SF,sr:competitor:4389,"{'id': '06275f0f-08ff-4787-91fc-5c30464ccfd9', 'year': 2021, 'type': 'REG', 'name': 'REG'}","{'id': '3ca1343b-9e11-438c-9d7a-5f33cb775c3f', 'sequence': 1, 'title': '1'}",Generation started @ 2022-01-24 19:38:44 UTC ended @ 2022-01-24 19:38:44 UTC,e6eb9d50-9231-44ff-89eb-7f7b996e042f,Dre Greenlaw,57,LB,sr:player:1833944,,2021-09-08T00:00:00+00:00,Hip,Full Participation In Practice,
104,f0e724b0-4cbf-495a-be47-013907608da9,49ers,San Francisco,SF,sr:competitor:4389,"{'id': '06275f0f-08ff-4787-91fc-5c30464ccfd9', 'year': 2021, 'type': 'REG', 'name': 'REG'}","{'id': '3ca1343b-9e11-438c-9d7a-5f33cb775c3f', 'sequence': 1, 'title': '1'}",Generation started @ 2022-01-24 19:38:44 UTC ended @ 2022-01-24 19:38:44 UTC,13112f4f-03c9-432c-a033-454870cda46b,Jason Verrett,2,CB,sr:player:855290,,2021-09-08T00:00:00+00:00,Foot,Full Participation In Practice,
105,f0e724b0-4cbf-495a-be47-013907608da9,49ers,San Francisco,SF,sr:competitor:4389,"{'id': '06275f0f-08ff-4787-91fc-5c30464ccfd9', 'year': 2021, 'type': 'REG', 'name': 'REG'}","{'id': '3ca1343b-9e11-438c-9d7a-5f33cb775c3f', 'sequence': 1, 'title': '1'}",Generation started @ 2022-01-24 19:38:44 UTC ended @ 2022-01-24 19:38:44 UTC,917d4304-d039-42a9-9c43-84e3786f105c,Jalen Hurd,14,WR,sr:player:1259260,Out,2021-09-10T00:00:00+00:00,Knee,Did Not Participate In Practice,
106,f0e724b0-4cbf-495a-be47-013907608da9,49ers,San Francisco,SF,sr:competitor:4389,"{'id': '06275f0f-08ff-4787-91fc-5c30464ccfd9', 'year': 2021, 'type': 'REG', 'name': 'REG'}","{'id': '3ca1343b-9e11-438c-9d7a-5f33cb775c3f', 'sequence': 1, 'title': '1'}",Generation started @ 2022-01-24 19:38:44 UTC ended @ 2022-01-24 19:38:44 UTC,1a8eff7a-1057-47c9-aa82-3dbf3f47a76c,Javon Kinlaw,99,DT,sr:player:2040103,Doubtful,2021-09-10T00:00:00+00:00,Knee,Limited Participation In Practice,
107,f0e724b0-4cbf-495a-be47-013907608da9,49ers,San Francisco,SF,sr:competitor:4389,"{'id': '06275f0f-08ff-4787-91fc-5c30464ccfd9', 'year': 2021, 'type': 'REG', 'name': 'REG'}","{'id': '3ca1343b-9e11-438c-9d7a-5f33cb775c3f', 'sequence': 1, 'title': '1'}",Generation started @ 2022-01-24 19:38:44 UTC ended @ 2022-01-24 19:38:44 UTC,2a86a6b4-58ef-42f5-aff9-d5d979bea6c7,Kevin Givens,90,DT,sr:player:1218654,Questionable,2021-09-10T00:00:00+00:00,Hip,Limited Participation In Practice,
108,f0e724b0-4cbf-495a-be47-013907608da9,49ers,San Francisco,SF,sr:competitor:4389,"{'id': '06275f0f-08ff-4787-91fc-5c30464ccfd9', 'year': 2021, 'type': 'REG', 'name': 'REG'}","{'id': '3ca1343b-9e11-438c-9d7a-5f33cb775c3f', 'sequence': 1, 'title': '1'}",Generation started @ 2022-01-24 19:38:44 UTC ended @ 2022-01-24 19:38:44 UTC,ae6a5f6b-20ac-4b44-9d05-b75634aa1199,Emmanuel Moseley,4,CB,sr:player:1217748,Doubtful,2021-09-10T00:00:00+00:00,Knee,Did Not Participate In Practice,
109,f0e724b0-4cbf-495a-be47-013907608da9,49ers,San Francisco,SF,sr:competitor:4389,"{'id': '06275f0f-08ff-4787-91fc-5c30464ccfd9', 'year': 2021, 'type': 'REG', 'name': 'REG'}","{'id': '3ca1343b-9e11-438c-9d7a-5f33cb775c3f', 'sequence': 1, 'title': '1'}",Generation started @ 2022-01-24 19:38:44 UTC ended @ 2022-01-24 19:38:44 UTC,676a508c-c65f-404a-a2b0-f861a4bfd072,Trey Lance,5,QB,sr:player:2197694,,2021-09-08T00:00:00+00:00,Finger,Limited Participation In Practice,
110,d5a2eb42-8065-4174-ab79-0a6fa820e35e,Browns,Cleveland,CLE,sr:competitor:4417,"{'id': '06275f0f-08ff-4787-91fc-5c30464ccfd9', 'year': 2021, 'type': 'REG', 'name': 'REG'}","{'id': '3ca1343b-9e11-438c-9d7a-5f33cb775c3f', 'sequence': 1, 'title': '1'}",Generation started @ 2022-01-24 19:38:44 UTC ended @ 2022-01-24 19:38:44 UTC,d40b2cf6-59e1-4af6-a91c-f2206303564c,Tony Fields II,42,LB,sr:player:2198650,Out,2021-09-10T00:00:00+00:00,Illness,Did Not Participate In Practice,
111,d5a2eb42-8065-4174-ab79-0a6fa820e35e,Browns,Cleveland,CLE,sr:competitor:4417,"{'id': '06275f0f-08ff-4787-91fc-5c30464ccfd9', 'year': 2021, 'type': 'REG', 'name': 'REG'}","{'id': '3ca1343b-9e11-438c-9d7a-5f33cb775c3f', 'sequence': 1, 'title': '1'}",Generation started @ 2022-01-24 19:38:44 UTC ended @ 2022-01-24 19:38:44 UTC,016d31ec-9b32-47e2-801b-9724c0a30f62,Jadeveon Clowney,90,DE,sr:player:828177,Questionable,2021-09-10T00:00:00+00:00,Illness,Limited Participation In Practice,
112,d5a2eb42-8065-4174-ab79-0a6fa820e35e,Browns,Cleveland,CLE,sr:competitor:4417,"{'id': '06275f0f-08ff-4787-91fc-5c30464ccfd9', 'year': 2021, 'type': 'REG', 'name': 'REG'}","{'id': '3ca1343b-9e11-438c-9d7a-5f33cb775c3f', 'sequence': 1, 'title': '1'}",Generation started @ 2022-01-24 19:38:44 UTC ended @ 2022-01-24 19:38:44 UTC,12d28404-63e1-432f-adde-c93631a5c39c,Chase McLaughlin,3,K,sr:player:1743383,Questionable,2021-09-10T00:00:00+00:00,Hamstring,Full Participation In Practice,
113,d5a2eb42-8065-4174-ab79-0a6fa820e35e,Browns,Cleveland,CLE,sr:competitor:4417,"{'id': '06275f0f-08ff-4787-91fc-5c30464ccfd9', 'year': 2021, 'type': 'REG', 'name': 'REG'}","{'id': '3ca1343b-9e11-438c-9d7a-5f33cb775c3f', 'sequence': 1, 'title': '1'}",Generation started @ 2022-01-24 19:38:44 UTC ended @ 2022-01-24 19:38:44 UTC,354dec38-b88b-4ba0-8974-859123f27c45,Odell Beckham Jr.,13,WR,sr:player:828649,Questionable,2021-09-10T00:00:00+00:00,Knee,Limited Participation In Practice,
114,d5a2eb42-8065-4174-ab79-0a6fa820e35e,Browns,Cleveland,CLE,sr:competitor:4417,"{'id': '06275f0f-08ff-4787-91fc-5c30464ccfd9', 'year': 2021, 'type': 'REG', 'name': 'REG'}","{'id': '3ca1343b-9e11-438c-9d7a-5f33cb775c3f', 'sequence': 1, 'title': '1'}",Generation started @ 2022-01-24 19:38:44 UTC ended @ 2022-01-24 19:38:44 UTC,1bbe7ce0-3707-4d4d-b8f6-7577008f1763,Grant Delpit,22,SAF,sr:player:2039999,Questionable,2021-09-10T00:00:00+00:00,Hamstring,Limited Participation In Practice,
115,d5a2eb42-8065-4174-ab79-0a6fa820e35e,Browns,Cleveland,CLE,sr:competitor:4417,"{'id': '06275f0f-08ff-4787-91fc-5c30464ccfd9', 'year': 2021, 'type': 'REG', 'name': 'REG'}","{'id': '3ca1343b-9e11-438c-9d7a-5f33cb775c3f', 'sequence': 1, 'title': '1'}",Generation started @ 2022-01-24 19:38:44 UTC ended @ 2022-01-24 19:38:44 UTC,c5ae93f5-f293-4e9f-89a0-6d8bda64ee1e,Michael Dunn,68,OG,sr:player:1231424,Out,2021-09-10T00:00:00+00:00,Back,Limited Participation In Practice,
116,d5a2eb42-8065-4174-ab79-0a6fa820e35e,Browns,Cleveland,CLE,sr:competitor:4417,"{'id': '06275f0f-08ff-4787-91fc-5c30464ccfd9', 'year': 2021, 'type': 'REG', 'name': 'REG'}","{'id': '3ca1343b-9e11-438c-9d7a-5f33cb775c3f', 'sequence': 1, 'title': '1'}",Generation started @ 2022-01-24 19:38:44 UTC ended @ 2022-01-24 19:38:44 UTC,9b96ef63-04bd-41ae-b59c-acc0f2561d19,Ronnie Harrison Jr.,33,SAF,sr:player:1218248,Questionable,2021-09-10T00:00:00+00:00,Ankle,Full Participation In Practice,
117,d5a2eb42-8065-4174-ab79-0a6fa820e35e,Browns,Cleveland,CLE,sr:competitor:4417,"{'id': '06275f0f-08ff-4787-91fc-5c30464ccfd9', 'year': 2021, 'type': 'REG', 'name': 'REG'}","{'id': '3ca1343b-9e11-438c-9d7a-5f33cb775c3f', 'sequence': 1, 'title': '1'}",Generation started @ 2022-01-24 19:38:44 UTC ended @ 2022-01-24 19:38:44 UTC,7e34053d-00bf-4f3f-a464-329c8f5057d0,Rashard Higgins,82,WR,sr:player:988711,,2021-09-10T00:00:00+00:00,Hamstring,Full Participation In Practice,
118,d5a2eb42-8065-4174-ab79-0a6fa820e35e,Browns,Cleveland,CLE,sr:competitor:4417,"{'id': '06275f0f-08ff-4787-91fc-5c30464ccfd9', 'year': 2021, 'type': 'REG', 'name': 'REG'}","{'id': '3ca1343b-9e11-438c-9d7a-5f33cb775c3f', 'sequence': 1, 'title': '1'}",Generation started @ 2022-01-24 19:38:44 UTC ended @ 2022-01-24 19:38:44 UTC,5b9acfe7-f166-4a55-85f6-a654799b08dd,Troy Hill,23,CB,sr:player:855338,,2021-09-10T00:00:00+00:00,Hamstring,Full Participation In Practice,
119,d5a2eb42-8065-4174-ab79-0a6fa820e35e,Browns,Cleveland,CLE,sr:competitor:4417,"{'id': '06275f0f-08ff-4787-91fc-5c30464ccfd9', 'year': 2021, 'type': 'REG', 'name': 'REG'}","{'id': '3ca1343b-9e11-438c-9d7a-5f33cb775c3f', 'sequence': 1, 'title': '1'}",Generation started @ 2022-01-24 19:38:44 UTC ended @ 2022-01-24 19:38:44 UTC,471db686-fa8e-484c-8525-0169b0a8f773,Sione Takitaki,44,LB,sr:player:1188552,,2021-09-08T00:00:00+00:00,Hamstring,Full Participation In Practice,
120,d5a2eb42-8065-4174-ab79-0a6fa820e35e,Browns,Cleveland,CLE,sr:competitor:4417,"{'id': '06275f0f-08ff-4787-91fc-5c30464ccfd9', 'year': 2021, 'type': 'REG', 'name': 'REG'}","{'id': '3ca1343b-9e11-438c-9d7a-5f33cb775c3f', 'sequence': 1, 'title': '1'}",Generation started @ 2022-01-24 19:38:44 UTC ended @ 2022-01-24 19:38:44 UTC,671d2fd7-41bb-457a-8e93-904ee7d94eb1,J.C. Tretter,64,C,sr:player:827603,Questionable,2021-09-10T00:00:00+00:00,Knee,Limited Participation In Practice,
121,d5a2eb42-8065-4174-ab79-0a6fa820e35e,Browns,Cleveland,CLE,sr:competitor:4417,"{'id': '06275f0f-08ff-4787-91fc-5c30464ccfd9', 'year': 2021, 'type': 'REG', 'name': 'REG'}","{'id': '3ca1343b-9e11-438c-9d7a-5f33cb775c3f', 'sequence': 1, 'title': '1'}",Generation started @ 2022-01-24 19:38:44 UTC ended @ 2022-01-24 19:38:44 UTC,54feeb01-a1d6-4313-b8b5-5663f698b5bd,Greedy Williams,26,CB,sr:player:1216992,,2021-09-10T00:00:00+00:00,Groin,Full Participation In Practice,
122,3d08af9e-c767-4f88-a7dc-b920c6d2b4a8,Seahawks,Seattle,SEA,sr:competitor:4430,"{'id': '06275f0f-08ff-4787-91fc-5c30464ccfd9', 'year': 2021, 'type': 'REG', 'name': 'REG'}","{'id': '3ca1343b-9e11-438c-9d7a-5f33cb775c3f', 'sequence': 1, 'title': '1'}",Generation started @ 2022-01-24 19:38:44 UTC ended @ 2022-01-24 19:38:44 UTC,4a76219c-34b8-4cfe-81ab-2bb011368367,D'Wayne Eskridge,1,WR,sr:player:2198128,,2021-09-09T00:00:00+00:00,Toe,Full Participation In Practice,
123,3d08af9e-c767-4f88-a7dc-b920c6d2b4a8,Seahawks,Seattle,SEA,sr:competitor:4430,"{'id': '06275f0f-08ff-4787-91fc-5c30464ccfd9', 'year': 2021, 'type': 'REG', 'name': 'REG'}","{'id': '3ca1343b-9e11-438c-9d7a-5f33cb775c3f', 'sequence': 1, 'title': '1'}",Generation started @ 2022-01-24 19:38:44 UTC ended @ 2022-01-24 19:38:44 UTC,1a1830c2-9717-4af0-82f0-7d7b254764f1,Gabe Jackson,66,OG,sr:player:830545,,2021-09-10T00:00:00+00:00,Load Mgmt,Did Not Participate In Practice,
124,3d08af9e-c767-4f88-a7dc-b920c6d2b4a8,Seahawks,Seattle,SEA,sr:competitor:4430,"{'id': '06275f0f-08ff-4787-91fc-5c30464ccfd9', 'year': 2021, 'type': 'REG', 'name': 'REG'}","{'id': '3ca1343b-9e11-438c-9d7a-5f33cb775c3f', 'sequence': 1, 'title': '1'}",Generation started @ 2022-01-24 19:38:44 UTC ended @ 2022-01-24 19:38:44 UTC,2b119688-83b5-4d19-acbf-fa2087035fae,Rashaad Penny,20,RB,sr:player:1183382,,2021-09-08T00:00:00+00:00,Calf,Full Participation In Practice,
125,3d08af9e-c767-4f88-a7dc-b920c6d2b4a8,Seahawks,Seattle,SEA,sr:competitor:4430,"{'id': '06275f0f-08ff-4787-91fc-5c30464ccfd9', 'year': 2021, 'type': 'REG', 'name': 'REG'}","{'id': '3ca1343b-9e11-438c-9d7a-5f33cb775c3f', 'sequence': 1, 'title': '1'}",Generation started @ 2022-01-24 19:38:44 UTC ended @ 2022-01-24 19:38:44 UTC,736c12de-b7be-4c12-bed2-57856b7c8449,Ethan Pocic,77,OG,sr:player:1129861,,2021-09-08T00:00:00+00:00,Hamstring,Full Participation In Practice,
126,3d08af9e-c767-4f88-a7dc-b920c6d2b4a8,Seahawks,Seattle,SEA,sr:competitor:4430,"{'id': '06275f0f-08ff-4787-91fc-5c30464ccfd9', 'year': 2021, 'type': 'REG', 'name': 'REG'}","{'id': '3ca1343b-9e11-438c-9d7a-5f33cb775c3f', 'sequence': 1, 'title': '1'}",Generation started @ 2022-01-24 19:38:44 UTC ended @ 2022-01-24 19:38:44 UTC,f26bd260-a1eb-42ab-8768-bc8ad24e4f9e,Duane Brown,76,OT,sr:player:828997,,2021-09-10T00:00:00+00:00,Load Mgmt,Did Not Participate In Practice,
127,3d08af9e-c767-4f88-a7dc-b920c6d2b4a8,Seahawks,Seattle,SEA,sr:competitor:4430,"{'id': '06275f0f-08ff-4787-91fc-5c30464ccfd9', 'year': 2021, 'type': 'REG', 'name': 'REG'}","{'id': '3ca1343b-9e11-438c-9d7a-5f33cb775c3f', 'sequence': 1, 'title': '1'}",Generation started @ 2022-01-24 19:38:44 UTC ended @ 2022-01-24 19:38:44 UTC,67c2f38f-b568-4bcf-a40f-750cef707a05,Ryan Neal,26,CB,sr:player:1206928,,2021-09-09T00:00:00+00:00,Oblique,Full Participation In Practice,
128,3d08af9e-c767-4f88-a7dc-b920c6d2b4a8,Seahawks,Seattle,SEA,sr:competitor:4430,"{'id': '06275f0f-08ff-4787-91fc-5c30464ccfd9', 'year': 2021, 'type': 'REG', 'name': 'REG'}","{'id': '3ca1343b-9e11-438c-9d7a-5f33cb775c3f', 'sequence': 1, 'title': '1'}",Generation started @ 2022-01-24 19:38:44 UTC ended @ 2022-01-24 19:38:44 UTC,7c84bbbd-6bc1-4d3a-8fe9-263b807a08b2,Jamarco Jones,73,OT,sr:player:1216760,,2021-09-08T00:00:00+00:00,Groin,Full Participation In Practice,
129,3d08af9e-c767-4f88-a7dc-b920c6d2b4a8,Seahawks,Seattle,SEA,sr:competitor:4430,"{'id': '06275f0f-08ff-4787-91fc-5c30464ccfd9', 'year': 2021, 'type': 'REG', 'name': 'REG'}","{'id': '3ca1343b-9e11-438c-9d7a-5f33cb775c3f', 'sequence': 1, 'title': '1'}",Generation started @ 2022-01-24 19:38:44 UTC ended @ 2022-01-24 19:38:44 UTC,0afca88b-83e7-49d6-80df-1f68b21cca9f,Chris Carson,32,RB,sr:player:1130199,,2021-09-08T00:00:00+00:00,Neck,Full Participation In Practice,
130,3d08af9e-c767-4f88-a7dc-b920c6d2b4a8,Seahawks,Seattle,SEA,sr:competitor:4430,"{'id': '06275f0f-08ff-4787-91fc-5c30464ccfd9', 'year': 2021, 'type': 'REG', 'name': 'REG'}","{'id': '3ca1343b-9e11-438c-9d7a-5f33cb775c3f', 'sequence': 1, 'title': '1'}",Generation started @ 2022-01-24 19:38:44 UTC ended @ 2022-01-24 19:38:44 UTC,754faf0f-40f7-45f0-b23b-6ce990ecaf26,D.K. Metcalf,14,WR,sr:player:1230010,,2021-09-10T00:00:00+00:00,Calf,Limited Participation In Practice,
131,3d08af9e-c767-4f88-a7dc-b920c6d2b4a8,Seahawks,Seattle,SEA,sr:competitor:4430,"{'id': '06275f0f-08ff-4787-91fc-5c30464ccfd9', 'year': 2021, 'type': 'REG', 'name': 'REG'}","{'id': '3ca1343b-9e11-438c-9d7a-5f33cb775c3f', 'sequence': 1, 'title': '1'}",Generation started @ 2022-01-24 19:38:44 UTC ended @ 2022-01-24 19:38:44 UTC,990a689e-200b-4cda-85db-85d6c3af911c,Alex Collins,41,RB,sr:player:988641,,2021-09-08T00:00:00+00:00,Foot,Full Participation In Practice,
132,3d08af9e-c767-4f88-a7dc-b920c6d2b4a8,Seahawks,Seattle,SEA,sr:competitor:4430,"{'id': '06275f0f-08ff-4787-91fc-5c30464ccfd9', 'year': 2021, 'type': 'REG', 'name': 'REG'}","{'id': '3ca1343b-9e11-438c-9d7a-5f33cb775c3f', 'sequence': 1, 'title': '1'}",Generation started @ 2022-01-24 19:38:44 UTC ended @ 2022-01-24 19:38:44 UTC,475aa381-25d7-4d6e-a6ce-bc7601f4b034,Damien Lewis,68,G,sr:player:2040041,,2021-09-08T00:00:00+00:00,Finger,Full Participation In Practice,
133,3d08af9e-c767-4f88-a7dc-b920c6d2b4a8,Seahawks,Seattle,SEA,sr:competitor:4430,"{'id': '06275f0f-08ff-4787-91fc-5c30464ccfd9', 'year': 2021, 'type': 'REG', 'name': 'REG'}","{'id': '3ca1343b-9e11-438c-9d7a-5f33cb775c3f', 'sequence': 1, 'title': '1'}",Generation started @ 2022-01-24 19:38:44 UTC ended @ 2022-01-24 19:38:44 UTC,cfc93f5e-105e-4a5e-88d3-f4279893cfa8,Geno Smith,7,QB,sr:player:830531,,2021-09-08T00:00:00+00:00,Back,Full Participation In Practice,
134,3d08af9e-c767-4f88-a7dc-b920c6d2b4a8,Seahawks,Seattle,SEA,sr:competitor:4430,"{'id': '06275f0f-08ff-4787-91fc-5c30464ccfd9', 'year': 2021, 'type': 'REG', 'name': 'REG'}","{'id': '3ca1343b-9e11-438c-9d7a-5f33cb775c3f', 'sequence': 1, 'title': '1'}",Generation started @ 2022-01-24 19:38:44 UTC ended @ 2022-01-24 19:38:44 UTC,1c468a8a-355f-429a-a12d-d8528fdc6aa2,Marquise Blair,27,FS,sr:player:1231406,,2021-09-08T00:00:00+00:00,Knee,Full Participation In Practice,
135,3d08af9e-c767-4f88-a7dc-b920c6d2b4a8,Seahawks,Seattle,SEA,sr:competitor:4430,"{'id': '06275f0f-08ff-4787-91fc-5c30464ccfd9', 'year': 2021, 'type': 'REG', 'name': 'REG'}","{'id': '3ca1343b-9e11-438c-9d7a-5f33cb775c3f', 'sequence': 1, 'title': '1'}",Generation started @ 2022-01-24 19:38:44 UTC ended @ 2022-01-24 19:38:44 UTC,73c958ee-0d55-49e9-a613-f4475b444fd5,Tre Flowers,21,CB,sr:player:1224668,,2021-09-08T00:00:00+00:00,Finger,Full Participation In Practice,
136,3d08af9e-c767-4f88-a7dc-b920c6d2b4a8,Seahawks,Seattle,SEA,sr:competitor:4430,"{'id': '06275f0f-08ff-4787-91fc-5c30464ccfd9', 'year': 2021, 'type': 'REG', 'name': 'REG'}","{'id': '3ca1343b-9e11-438c-9d7a-5f33cb775c3f', 'sequence': 1, 'title': '1'}",Generation started @ 2022-01-24 19:38:44 UTC ended @ 2022-01-24 19:38:44 UTC,f00ccf29-884e-4914-b9f9-aca0090ee9e6,Bryan Mone,90,DT,sr:player:1217382,,2021-09-08T00:00:00+00:00,Knee,Full Participation In Practice,
137,3d08af9e-c767-4f88-a7dc-b920c6d2b4a8,Seahawks,Seattle,SEA,sr:competitor:4430,"{'id': '06275f0f-08ff-4787-91fc-5c30464ccfd9', 'year': 2021, 'type': 'REG', 'name': 'REG'}","{'id': '3ca1343b-9e11-438c-9d7a-5f33cb775c3f', 'sequence': 1, 'title': '1'}",Generation started @ 2022-01-24 19:38:44 UTC ended @ 2022-01-24 19:38:44 UTC,17664e93-8236-4eb0-9505-4e71f43b5a7d,D.J. Reed,9,CB,sr:player:1225400,,2021-09-08T00:00:00+00:00,Foot,Full Participation In Practice,
138,3d08af9e-c767-4f88-a7dc-b920c6d2b4a8,Seahawks,Seattle,SEA,sr:competitor:4430,"{'id': '06275f0f-08ff-4787-91fc-5c30464ccfd9', 'year': 2021, 'type': 'REG', 'name': 'REG'}","{'id': '3ca1343b-9e11-438c-9d7a-5f33cb775c3f', 'sequence': 1, 'title': '1'}",Generation started @ 2022-01-24 19:38:44 UTC ended @ 2022-01-24 19:38:44 UTC,4de23d54-2169-4b17-b0d0-c47b2edd9f73,Sidney Jones IV,23,CB,sr:player:1129843,,2021-09-09T00:00:00+00:00,Groin,Full Participation In Practice,
139,e627eec7-bbae-4fa4-8e73-8e1d6bc5c060,Cowboys,Dallas,DAL,sr:competitor:4392,"{'id': '06275f0f-08ff-4787-91fc-5c30464ccfd9', 'year': 2021, 'type': 'REG', 'name': 'REG'}","{'id': '3ca1343b-9e11-438c-9d7a-5f33cb775c3f', 'sequence': 1, 'title': '1'}",Generation started @ 2022-01-24 19:38:44 UTC ended @ 2022-01-24 19:38:44 UTC,d7068799-55b7-47c2-91d9-0e532957939e,Tarell Basham,93,DE,sr:player:1129807,,2021-09-07T00:00:00+00:00,Ankle,Full Participation In Practice,
140,e627eec7-bbae-4fa4-8e73-8e1d6bc5c060,Cowboys,Dallas,DAL,sr:competitor:4392,"{'id': '06275f0f-08ff-4787-91fc-5c30464ccfd9', 'year': 2021, 'type': 'REG', 'name': 'REG'}","{'id': '3ca1343b-9e11-438c-9d7a-5f33cb775c3f', 'sequence': 1, 'title': '1'}",Generation started @ 2022-01-24 19:38:44 UTC ended @ 2022-01-24 19:38:44 UTC,2ff5e7ad-4ac1-4e26-9572-69bef348b1bc,La'el Collins,71,OT,sr:player:837189,,2021-09-07T00:00:00+00:00,Neck,Full Participation In Practice,
141,e627eec7-bbae-4fa4-8e73-8e1d6bc5c060,Cowboys,Dallas,DAL,sr:competitor:4392,"{'id': '06275f0f-08ff-4787-91fc-5c30464ccfd9', 'year': 2021, 'type': 'REG', 'name': 'REG'}","{'id': '3ca1343b-9e11-438c-9d7a-5f33cb775c3f', 'sequence': 1, 'title': '1'}",Generation started @ 2022-01-24 19:38:44 UTC ended @ 2022-01-24 19:38:44 UTC,b7f8bf4e-a1e5-443e-8deb-3916c817a1a8,Chauncey Golston,59,DE,sr:player:2198166,,2021-09-07T00:00:00+00:00,Hamstring,Full Participation In Practice,
142,e627eec7-bbae-4fa4-8e73-8e1d6bc5c060,Cowboys,Dallas,DAL,sr:competitor:4392,"{'id': '06275f0f-08ff-4787-91fc-5c30464ccfd9', 'year': 2021, 'type': 'REG', 'name': 'REG'}","{'id': '3ca1343b-9e11-438c-9d7a-5f33cb775c3f', 'sequence': 1, 'title': '1'}",Generation started @ 2022-01-24 19:38:44 UTC ended @ 2022-01-24 19:38:44 UTC,6d62aaa2-fe41-4672-941f-7314a0b9b367,C.J. Goodwin,29,CB,sr:player:833703,,2021-09-07T00:00:00+00:00,Hamstring,Full Participation In Practice,
143,e627eec7-bbae-4fa4-8e73-8e1d6bc5c060,Cowboys,Dallas,DAL,sr:competitor:4392,"{'id': '06275f0f-08ff-4787-91fc-5c30464ccfd9', 'year': 2021, 'type': 'REG', 'name': 'REG'}","{'id': '3ca1343b-9e11-438c-9d7a-5f33cb775c3f', 'sequence': 1, 'title': '1'}",Generation started @ 2022-01-24 19:38:44 UTC ended @ 2022-01-24 19:38:44 UTC,3e3bd10a-6462-47f8-8938-42518781d060,DeMarcus Lawrence,90,DE,sr:player:855836,,2021-09-07T00:00:00+00:00,Back,Full Participation In Practice,
144,e627eec7-bbae-4fa4-8e73-8e1d6bc5c060,Cowboys,Dallas,DAL,sr:competitor:4392,"{'id': '06275f0f-08ff-4787-91fc-5c30464ccfd9', 'year': 2021, 'type': 'REG', 'name': 'REG'}","{'id': '3ca1343b-9e11-438c-9d7a-5f33cb775c3f', 'sequence': 1, 'title': '1'}",Generation started @ 2022-01-24 19:38:44 UTC ended @ 2022-01-24 19:38:44 UTC,d723ebff-0e9d-42f8-93d2-fe0c02252de8,Ty Nsekhe,79,T,sr:player:827649,,2021-09-07T00:00:00+00:00,Foot,Limited Participation In Practice,
145,e627eec7-bbae-4fa4-8e73-8e1d6bc5c060,Cowboys,Dallas,DAL,sr:competitor:4392,"{'id': '06275f0f-08ff-4787-91fc-5c30464ccfd9', 'year': 2021, 'type': 'REG', 'name': 'REG'}","{'id': '3ca1343b-9e11-438c-9d7a-5f33cb775c3f', 'sequence': 1, 'title': '1'}",Generation started @ 2022-01-24 19:38:44 UTC ended @ 2022-01-24 19:38:44 UTC,3128aa52-4c62-4096-bf31-bef0fe8d6abc,Jake McQuaide,44,LS,sr:player:829311,,2021-09-07T00:00:00+00:00,Foot,Full Participation In Practice,
146,e627eec7-bbae-4fa4-8e73-8e1d6bc5c060,Cowboys,Dallas,DAL,sr:competitor:4392,"{'id': '06275f0f-08ff-4787-91fc-5c30464ccfd9', 'year': 2021, 'type': 'REG', 'name': 'REG'}","{'id': '3ca1343b-9e11-438c-9d7a-5f33cb775c3f', 'sequence': 1, 'title': '1'}",Generation started @ 2022-01-24 19:38:44 UTC ended @ 2022-01-24 19:38:44 UTC,86197778-8d4b-4eba-affe-08ef7be7c70b,Dak Prescott,4,QB,sr:player:988663,,2021-09-07T00:00:00+00:00,Right Shoulder,Full Participation In Practice,
147,e627eec7-bbae-4fa4-8e73-8e1d6bc5c060,Cowboys,Dallas,DAL,sr:competitor:4392,"{'id': '06275f0f-08ff-4787-91fc-5c30464ccfd9', 'year': 2021, 'type': 'REG', 'name': 'REG'}","{'id': '3ca1343b-9e11-438c-9d7a-5f33cb775c3f', 'sequence': 1, 'title': '1'}",Generation started @ 2022-01-24 19:38:44 UTC ended @ 2022-01-24 19:38:44 UTC,2e9ef3ac-eca5-4eb9-a41d-f404dfaae460,Donovan Wilson,6,SAF,sr:player:1192098,,2021-09-07T00:00:00+00:00,Groin,Full Participation In Practice,
148,97354895-8c77-4fd4-a860-32e62ea7382a,Patriots,New England,NE,sr:competitor:4424,"{'id': '06275f0f-08ff-4787-91fc-5c30464ccfd9', 'year': 2021, 'type': 'REG', 'name': 'REG'}","{'id': '3ca1343b-9e11-438c-9d7a-5f33cb775c3f', 'sequence': 1, 'title': '1'}",Generation started @ 2022-01-24 19:38:44 UTC ended @ 2022-01-24 19:38:44 UTC,416e8e41-9e8f-4bc9-9d26-babb37bec884,Ronnie Perkins,51,LB,sr:player:1423151,Questionable,2021-09-10T00:00:00+00:00,Shoulder,Limited Participation In Practice,
149,97354895-8c77-4fd4-a860-32e62ea7382a,Patriots,New England,NE,sr:competitor:4424,"{'id': '06275f0f-08ff-4787-91fc-5c30464ccfd9', 'year': 2021, 'type': 'REG', 'name': 'REG'}","{'id': '3ca1343b-9e11-438c-9d7a-5f33cb775c3f', 'sequence': 1, 'title': '1'}",Generation started @ 2022-01-24 19:38:44 UTC ended @ 2022-01-24 19:38:44 UTC,73236a66-ba10-44a6-b12f-2ca13cad33b4,Malcolm Perry,19,WR,sr:player:1185978,Out,2021-09-10T00:00:00+00:00,Foot,Did Not Participate In Practice,
150,97354895-8c77-4fd4-a860-32e62ea7382a,Patriots,New England,NE,sr:competitor:4424,"{'id': '06275f0f-08ff-4787-91fc-5c30464ccfd9', 'year': 2021, 'type': 'REG', 'name': 'REG'}","{'id': '3ca1343b-9e11-438c-9d7a-5f33cb775c3f', 'sequence': 1, 'title': '1'}",Generation started @ 2022-01-24 19:38:44 UTC ended @ 2022-01-24 19:38:44 UTC,cfb0ff68-51cb-4dad-ba81-f9e019a93a91,Nelson Agholor,15,WR,sr:player:834539,Questionable,2021-09-10T00:00:00+00:00,Ankle,Limited Participation In Practice,
151,97354895-8c77-4fd4-a860-32e62ea7382a,Patriots,New England,NE,sr:competitor:4424,"{'id': '06275f0f-08ff-4787-91fc-5c30464ccfd9', 'year': 2021, 'type': 'REG', 'name': 'REG'}","{'id': '3ca1343b-9e11-438c-9d7a-5f33cb775c3f', 'sequence': 1, 'title': '1'}",Generation started @ 2022-01-24 19:38:44 UTC ended @ 2022-01-24 19:38:44 UTC,1be82e0f-4b22-4a82-b3fc-5835aa214f7a,Yodny Cajuste,72,OL,sr:player:1197306,Questionable,2021-09-10T00:00:00+00:00,Hamstring,Limited Participation In Practice,
152,97354895-8c77-4fd4-a860-32e62ea7382a,Patriots,New England,NE,sr:competitor:4424,"{'id': '06275f0f-08ff-4787-91fc-5c30464ccfd9', 'year': 2021, 'type': 'REG', 'name': 'REG'}","{'id': '3ca1343b-9e11-438c-9d7a-5f33cb775c3f', 'sequence': 1, 'title': '1'}",Generation started @ 2022-01-24 19:38:44 UTC ended @ 2022-01-24 19:38:44 UTC,12563365-b4aa-4b85-93a3-b220c8212707,Jalen Mills,2,CB,sr:player:988775,Questionable,2021-09-10T00:00:00+00:00,Ankle,Limited Participation In Practice,
153,768c92aa-75ff-4a43-bcc0-f2798c2e1724,Bills,Buffalo,BUF,sr:competitor:4376,"{'id': '06275f0f-08ff-4787-91fc-5c30464ccfd9', 'year': 2021, 'type': 'REG', 'name': 'REG'}","{'id': '3ca1343b-9e11-438c-9d7a-5f33cb775c3f', 'sequence': 1, 'title': '1'}",Generation started @ 2022-01-24 19:38:44 UTC ended @ 2022-01-24 19:38:44 UTC,3443dde2-23bc-4dba-b499-069d501a59cf,Taron Johnson,24,CB,sr:player:1185006,,2021-09-09T00:00:00+00:00,Hand,Full Participation In Practice,
154,768c92aa-75ff-4a43-bcc0-f2798c2e1724,Bills,Buffalo,BUF,sr:competitor:4376,"{'id': '06275f0f-08ff-4787-91fc-5c30464ccfd9', 'year': 2021, 'type': 'REG', 'name': 'REG'}","{'id': '3ca1343b-9e11-438c-9d7a-5f33cb775c3f', 'sequence': 1, 'title': '1'}",Generation started @ 2022-01-24 19:38:44 UTC ended @ 2022-01-24 19:38:44 UTC,2d19098b-f154-4b28-976d-79182af014df,Star Lotulelei,98,DT,sr:player:829617,Out,2021-09-10T00:00:00+00:00,Calf,Did Not Participate In Practice,
155,768c92aa-75ff-4a43-bcc0-f2798c2e1724,Bills,Buffalo,BUF,sr:competitor:4376,"{'id': '06275f0f-08ff-4787-91fc-5c30464ccfd9', 'year': 2021, 'type': 'REG', 'name': 'REG'}","{'id': '3ca1343b-9e11-438c-9d7a-5f33cb775c3f', 'sequence': 1, 'title': '1'}",Generation started @ 2022-01-24 19:38:44 UTC ended @ 2022-01-24 19:38:44 UTC,6130be96-edf3-4361-b666-860c4ec46e7d,Isaiah McKenzie,19,WR,sr:player:1130247,,2021-09-08T00:00:00+00:00,Shoulder,Full Participation In Practice,
156,768c92aa-75ff-4a43-bcc0-f2798c2e1724,Bills,Buffalo,BUF,sr:competitor:4376,"{'id': '06275f0f-08ff-4787-91fc-5c30464ccfd9', 'year': 2021, 'type': 'REG', 'name': 'REG'}","{'id': '3ca1343b-9e11-438c-9d7a-5f33cb775c3f', 'sequence': 1, 'title': '1'}",Generation started @ 2022-01-24 19:38:44 UTC ended @ 2022-01-24 19:38:44 UTC,840b2183-02bc-4a2a-b415-c62ceecca1b2,Harrison Phillips,99,DT,sr:player:1184364,,2021-09-08T00:00:00+00:00,Knee,Full Participation In Practice,
157,768c92aa-75ff-4a43-bcc0-f2798c2e1724,Bills,Buffalo,BUF,sr:competitor:4376,"{'id': '06275f0f-08ff-4787-91fc-5c30464ccfd9', 'year': 2021, 'type': 'REG', 'name': 'REG'}","{'id': '3ca1343b-9e11-438c-9d7a-5f33cb775c3f', 'sequence': 1, 'title': '1'}",Generation started @ 2022-01-24 19:38:44 UTC ended @ 2022-01-24 19:38:44 UTC,fd4e8681-f2f4-47c7-b954-a72be9b1ca00,Emmanuel Sanders,1,WR,sr:player:830971,Questionable,2021-09-10T00:00:00+00:00,Foot,Limited Participation In Practice,
158,4809ecb0-abd3-451d-9c4a-92a90b83ca06,Dolphins,Miami,MIA,sr:competitor:4287,"{'id': '06275f0f-08ff-4787-91fc-5c30464ccfd9', 'year': 2021, 'type': 'REG', 'name': 'REG'}","{'id': '3ca1343b-9e11-438c-9d7a-5f33cb775c3f', 'sequence': 1, 'title': '1'}",Generation started @ 2022-01-24 19:38:44 UTC ended @ 2022-01-24 19:38:44 UTC,412be3f1-210a-44b9-828c-d35cc6a1119c,Austin Jackson,73,OT,sr:player:2040509,Unknown,2021-09-12T00:00:00+00:00,Illness,,
159,4809ecb0-abd3-451d-9c4a-92a90b83ca06,Dolphins,Miami,MIA,sr:competitor:4287,"{'id': '06275f0f-08ff-4787-91fc-5c30464ccfd9', 'year': 2021, 'type': 'REG', 'name': 'REG'}","{'id': '3ca1343b-9e11-438c-9d7a-5f33cb775c3f', 'sequence': 1, 'title': '1'}",Generation started @ 2022-01-24 19:38:44 UTC ended @ 2022-01-24 19:38:44 UTC,f9093247-ea7a-40ea-a100-bc5103fa5cfd,Liam Eichenberg,74,OT,sr:player:2197872,,2021-09-08T00:00:00+00:00,Thigh,Limited Participation In Practice,
160,4809ecb0-abd3-451d-9c4a-92a90b83ca06,Dolphins,Miami,MIA,sr:competitor:4287,"{'id': '06275f0f-08ff-4787-91fc-5c30464ccfd9', 'year': 2021, 'type': 'REG', 'name': 'REG'}","{'id': '3ca1343b-9e11-438c-9d7a-5f33cb775c3f', 'sequence': 1, 'title': '1'}",Generation started @ 2022-01-24 19:38:44 UTC ended @ 2022-01-24 19:38:44 UTC,497758de-5f0b-481f-8c68-7aa5e21df322,Preston Williams,18,WR,sr:player:1216724,Questionable,2021-09-10T00:00:00+00:00,Foot,Limited Participation In Practice,
161,4809ecb0-abd3-451d-9c4a-92a90b83ca06,Dolphins,Miami,MIA,sr:competitor:4287,"{'id': '06275f0f-08ff-4787-91fc-5c30464ccfd9', 'year': 2021, 'type': 'REG', 'name': 'REG'}","{'id': '3ca1343b-9e11-438c-9d7a-5f33cb775c3f', 'sequence': 1, 'title': '1'}",Generation started @ 2022-01-24 19:38:44 UTC ended @ 2022-01-24 19:38:44 UTC,0dbbd211-0372-4751-9751-e4df4ab1f8eb,Salvon Ahmed,26,RB,sr:player:2061429,,2021-09-08T00:00:00+00:00,Back,Full Participation In Practice,
162,4809ecb0-abd3-451d-9c4a-92a90b83ca06,Dolphins,Miami,MIA,sr:competitor:4287,"{'id': '06275f0f-08ff-4787-91fc-5c30464ccfd9', 'year': 2021, 'type': 'REG', 'name': 'REG'}","{'id': '3ca1343b-9e11-438c-9d7a-5f33cb775c3f', 'sequence': 1, 'title': '1'}",Generation started @ 2022-01-24 19:38:44 UTC ended @ 2022-01-24 19:38:44 UTC,94001c44-9eea-4d2b-a766-079ddcb2e8b0,Clayton Fejedelem,42,SAF,sr:player:988785,,2021-09-08T00:00:00+00:00,Shoulder,Full Participation In Practice,
163,4809ecb0-abd3-451d-9c4a-92a90b83ca06,Dolphins,Miami,MIA,sr:competitor:4287,"{'id': '06275f0f-08ff-4787-91fc-5c30464ccfd9', 'year': 2021, 'type': 'REG', 'name': 'REG'}","{'id': '3ca1343b-9e11-438c-9d7a-5f33cb775c3f', 'sequence': 1, 'title': '1'}",Generation started @ 2022-01-24 19:38:44 UTC ended @ 2022-01-24 19:38:44 UTC,e9ee9209-dd8f-4e4a-be3c-407756a2749c,DeVante Parker,11,WR,sr:player:834525,,2021-09-08T00:00:00+00:00,Shoulder,Full Participation In Practice,
164,4809ecb0-abd3-451d-9c4a-92a90b83ca06,Dolphins,Miami,MIA,sr:competitor:4287,"{'id': '06275f0f-08ff-4787-91fc-5c30464ccfd9', 'year': 2021, 'type': 'REG', 'name': 'REG'}","{'id': '3ca1343b-9e11-438c-9d7a-5f33cb775c3f', 'sequence': 1, 'title': '1'}",Generation started @ 2022-01-24 19:38:44 UTC ended @ 2022-01-24 19:38:44 UTC,f6d7cf0f-72d2-473f-a44b-4a253587ca0f,Elandon Roberts,52,LB,sr:player:1074034,,2021-09-08T00:00:00+00:00,Knee,Full Participation In Practice,
165,4809ecb0-abd3-451d-9c4a-92a90b83ca06,Dolphins,Miami,MIA,sr:competitor:4287,"{'id': '06275f0f-08ff-4787-91fc-5c30464ccfd9', 'year': 2021, 'type': 'REG', 'name': 'REG'}","{'id': '3ca1343b-9e11-438c-9d7a-5f33cb775c3f', 'sequence': 1, 'title': '1'}",Generation started @ 2022-01-24 19:38:44 UTC ended @ 2022-01-24 19:38:44 UTC,2958ea86-e2dc-4719-93e5-cc9d093ca963,Albert Wilson,2,WR,sr:player:828339,,2021-09-08T00:00:00+00:00,Quad,Full Participation In Practice,
166,2eff2a03-54d4-46ba-890e-2bc3925548f3,Rams,Los Angeles,LA,sr:competitor:4387,"{'id': '06275f0f-08ff-4787-91fc-5c30464ccfd9', 'year': 2021, 'type': 'REG', 'name': 'REG'}","{'id': '3ca1343b-9e11-438c-9d7a-5f33cb775c3f', 'sequence': 1, 'title': '1'}",Generation started @ 2022-01-24 19:38:44 UTC ended @ 2022-01-24 19:38:44 UTC,3f44e069-a9c7-40dc-bfa9-cd403ee9cdbd,A'Shawn Robinson,94,DT,sr:player:987665,,2021-09-10T00:00:00+00:00,Knee,Full Participation In Practice,
167,2eff2a03-54d4-46ba-890e-2bc3925548f3,Rams,Los Angeles,LA,sr:competitor:4387,"{'id': '06275f0f-08ff-4787-91fc-5c30464ccfd9', 'year': 2021, 'type': 'REG', 'name': 'REG'}","{'id': '3ca1343b-9e11-438c-9d7a-5f33cb775c3f', 'sequence': 1, 'title': '1'}",Generation started @ 2022-01-24 19:38:44 UTC ended @ 2022-01-24 19:38:44 UTC,5521ba64-e615-4d50-b9bf-490498571ac7,Ben Skowronek,81,WR,sr:player:2197602,Doubtful,2021-09-10T00:00:00+00:00,Forearm,Limited Participation In Practice,
168,2eff2a03-54d4-46ba-890e-2bc3925548f3,Rams,Los Angeles,LA,sr:competitor:4387,"{'id': '06275f0f-08ff-4787-91fc-5c30464ccfd9', 'year': 2021, 'type': 'REG', 'name': 'REG'}","{'id': '3ca1343b-9e11-438c-9d7a-5f33cb775c3f', 'sequence': 1, 'title': '1'}",Generation started @ 2022-01-24 19:38:44 UTC ended @ 2022-01-24 19:38:44 UTC,a0ebc174-02ad-4bf4-8c0f-517d04a29a95,Terrell Lewis,52,OLB,sr:player:2040267,,2021-09-09T00:00:00+00:00,Rest,Full Participation In Practice,
169,2eff2a03-54d4-46ba-890e-2bc3925548f3,Rams,Los Angeles,LA,sr:competitor:4387,"{'id': '06275f0f-08ff-4787-91fc-5c30464ccfd9', 'year': 2021, 'type': 'REG', 'name': 'REG'}","{'id': '3ca1343b-9e11-438c-9d7a-5f33cb775c3f', 'sequence': 1, 'title': '1'}",Generation started @ 2022-01-24 19:38:44 UTC ended @ 2022-01-24 19:38:44 UTC,f1ce3e7d-6afc-4db4-94f0-475bd63507b3,Andrew Whitworth,77,OT,sr:player:831321,,2021-09-09T00:00:00+00:00,Rest,Full Participation In Practice,
170,2eff2a03-54d4-46ba-890e-2bc3925548f3,Rams,Los Angeles,LA,sr:competitor:4387,"{'id': '06275f0f-08ff-4787-91fc-5c30464ccfd9', 'year': 2021, 'type': 'REG', 'name': 'REG'}","{'id': '3ca1343b-9e11-438c-9d7a-5f33cb775c3f', 'sequence': 1, 'title': '1'}",Generation started @ 2022-01-24 19:38:44 UTC ended @ 2022-01-24 19:38:44 UTC,3e618eb6-41f2-4f20-ad70-2460f9366f43,DeSean Jackson,1,WR,sr:player:831097,,2021-09-10T00:00:00+00:00,Not Injury Related,Did Not Participate In Practice,
171,f7ddd7fa-0bae-4f90-bc8e-669e4d6cf2de,Jaguars,Jacksonville,JAC,sr:competitor:4386,"{'id': '06275f0f-08ff-4787-91fc-5c30464ccfd9', 'year': 2021, 'type': 'REG', 'name': 'REG'}","{'id': '3ca1343b-9e11-438c-9d7a-5f33cb775c3f', 'sequence': 1, 'title': '1'}",Generation started @ 2022-01-24 19:38:44 UTC ended @ 2022-01-24 19:38:44 UTC,3db8b3b4-d3f5-4b35-bc19-ee56ec6d29da,Tre Herndon,37,CB,sr:player:1190000,Out,2021-09-10T00:00:00+00:00,Knee,Did Not Participate In Practice,
172,f7ddd7fa-0bae-4f90-bc8e-669e4d6cf2de,Jaguars,Jacksonville,JAC,sr:competitor:4386,"{'id': '06275f0f-08ff-4787-91fc-5c30464ccfd9', 'year': 2021, 'type': 'REG', 'name': 'REG'}","{'id': '3ca1343b-9e11-438c-9d7a-5f33cb775c3f', 'sequence': 1, 'title': '1'}",Generation started @ 2022-01-24 19:38:44 UTC ended @ 2022-01-24 19:38:44 UTC,a887ad59-0e4b-4a9a-a7e4-cfd9f42fe7fb,Tyson Campbell,32,CB,sr:player:2197626,Questionable,2021-09-10T00:00:00+00:00,Calf,Limited Participation In Practice,
173,f7ddd7fa-0bae-4f90-bc8e-669e4d6cf2de,Jaguars,Jacksonville,JAC,sr:competitor:4386,"{'id': '06275f0f-08ff-4787-91fc-5c30464ccfd9', 'year': 2021, 'type': 'REG', 'name': 'REG'}","{'id': '3ca1343b-9e11-438c-9d7a-5f33cb775c3f', 'sequence': 1, 'title': '1'}",Generation started @ 2022-01-24 19:38:44 UTC ended @ 2022-01-24 19:38:44 UTC,8f5245fb-27ed-4a5d-93ea-ca354e670731,Jordan Smith,92,DE,sr:player:2198826,Questionable,2021-09-10T00:00:00+00:00,Knee,Limited Participation In Practice,
174,c5a59daa-53a7-4de0-851f-fb12be893e9e,Lions,Detroit,DET,sr:competitor:4419,"{'id': '06275f0f-08ff-4787-91fc-5c30464ccfd9', 'year': 2021, 'type': 'REG', 'name': 'REG'}","{'id': '3ca1343b-9e11-438c-9d7a-5f33cb775c3f', 'sequence': 1, 'title': '1'}",Generation started @ 2022-01-24 19:38:44 UTC ended @ 2022-01-24 19:38:44 UTC,54d4e35a-2e6c-48f6-86ad-92dd596c173c,Darren Fells,80,TE,sr:player:830593,,2021-09-10T00:00:00+00:00,Shoulder,Full Participation In Practice,
175,c5a59daa-53a7-4de0-851f-fb12be893e9e,Lions,Detroit,DET,sr:competitor:4419,"{'id': '06275f0f-08ff-4787-91fc-5c30464ccfd9', 'year': 2021, 'type': 'REG', 'name': 'REG'}","{'id': '3ca1343b-9e11-438c-9d7a-5f33cb775c3f', 'sequence': 1, 'title': '1'}",Generation started @ 2022-01-24 19:38:44 UTC ended @ 2022-01-24 19:38:44 UTC,30119d63-584c-4fd6-95aa-67b7af4998f5,Michael Brockers,91,DE,sr:player:830533,Questionable,2021-09-10T00:00:00+00:00,Shoulder,Limited Participation In Practice,
176,c5a59daa-53a7-4de0-851f-fb12be893e9e,Lions,Detroit,DET,sr:competitor:4419,"{'id': '06275f0f-08ff-4787-91fc-5c30464ccfd9', 'year': 2021, 'type': 'REG', 'name': 'REG'}","{'id': '3ca1343b-9e11-438c-9d7a-5f33cb775c3f', 'sequence': 1, 'title': '1'}",Generation started @ 2022-01-24 19:38:44 UTC ended @ 2022-01-24 19:38:44 UTC,1b17a67d-c771-4e7d-80ea-fb1d19adb200,Taylor Decker,68,OT,sr:player:1523213,Out,2021-09-10T00:00:00+00:00,Finger,Did Not Participate In Practice,
177,c5a59daa-53a7-4de0-851f-fb12be893e9e,Lions,Detroit,DET,sr:competitor:4419,"{'id': '06275f0f-08ff-4787-91fc-5c30464ccfd9', 'year': 2021, 'type': 'REG', 'name': 'REG'}","{'id': '3ca1343b-9e11-438c-9d7a-5f33cb775c3f', 'sequence': 1, 'title': '1'}",Generation started @ 2022-01-24 19:38:44 UTC ended @ 2022-01-24 19:38:44 UTC,0670801f-0ef3-46b6-ad6b-62475db6b787,Levi Onwuzurike,75,DE,sr:player:2198132,Questionable,2021-09-10T00:00:00+00:00,Hip,Limited Participation In Practice,
178,c5a59daa-53a7-4de0-851f-fb12be893e9e,Lions,Detroit,DET,sr:competitor:4419,"{'id': '06275f0f-08ff-4787-91fc-5c30464ccfd9', 'year': 2021, 'type': 'REG', 'name': 'REG'}","{'id': '3ca1343b-9e11-438c-9d7a-5f33cb775c3f', 'sequence': 1, 'title': '1'}",Generation started @ 2022-01-24 19:38:44 UTC ended @ 2022-01-24 19:38:44 UTC,91fbc46e-2757-4169-bdfb-9a87522cba02,AJ Parker,41,CB,sr:player:2197736,Questionable,2021-09-10T00:00:00+00:00,Shoulder,Limited Participation In Practice,
179,c5a59daa-53a7-4de0-851f-fb12be893e9e,Lions,Detroit,DET,sr:competitor:4419,"{'id': '06275f0f-08ff-4787-91fc-5c30464ccfd9', 'year': 2021, 'type': 'REG', 'name': 'REG'}","{'id': '3ca1343b-9e11-438c-9d7a-5f33cb775c3f', 'sequence': 1, 'title': '1'}",Generation started @ 2022-01-24 19:38:44 UTC ended @ 2022-01-24 19:38:44 UTC,e03775ef-3287-476c-9386-ff16ea31d7b8,Nick Williams,97,DE,sr:player:831513,Questionable,2021-09-10T00:00:00+00:00,Elbow,Limited Participation In Practice,
180,c5a59daa-53a7-4de0-851f-fb12be893e9e,Lions,Detroit,DET,sr:competitor:4419,"{'id': '06275f0f-08ff-4787-91fc-5c30464ccfd9', 'year': 2021, 'type': 'REG', 'name': 'REG'}","{'id': '3ca1343b-9e11-438c-9d7a-5f33cb775c3f', 'sequence': 1, 'title': '1'}",Generation started @ 2022-01-24 19:38:44 UTC ended @ 2022-01-24 19:38:44 UTC,bd1120b6-38b3-4225-a4b0-20660a149d0d,T.J. Hockenson,88,TE,sr:player:1225630,,2021-09-08T00:00:00+00:00,Shoulder,Full Participation In Practice,
181,c5a59daa-53a7-4de0-851f-fb12be893e9e,Lions,Detroit,DET,sr:competitor:4419,"{'id': '06275f0f-08ff-4787-91fc-5c30464ccfd9', 'year': 2021, 'type': 'REG', 'name': 'REG'}","{'id': '3ca1343b-9e11-438c-9d7a-5f33cb775c3f', 'sequence': 1, 'title': '1'}",Generation started @ 2022-01-24 19:38:44 UTC ended @ 2022-01-24 19:38:44 UTC,cc4b5f58-a11c-4450-a1df-617ad88336e4,D'Andre Swift,32,RB,sr:player:2040245,,2021-09-08T00:00:00+00:00,Groin,Full Participation In Practice,
182,a20471b4-a8d9-40c7-95ad-90cc30e46932,Packers,Green Bay,GB,sr:competitor:4420,"{'id': '06275f0f-08ff-4787-91fc-5c30464ccfd9', 'year': 2021, 'type': 'REG', 'name': 'REG'}","{'id': '3ca1343b-9e11-438c-9d7a-5f33cb775c3f', 'sequence': 1, 'title': '1'}",Generation started @ 2022-01-24 19:38:44 UTC ended @ 2022-01-24 19:38:44 UTC,9c21e9af-681c-41ef-9b00-fbc9e1668ed1,Marcedes Lewis,89,TE,sr:player:829379,,2021-09-10T00:00:00+00:00,Rest,Full Participation In Practice,
183,a20471b4-a8d9-40c7-95ad-90cc30e46932,Packers,Green Bay,GB,sr:competitor:4420,"{'id': '06275f0f-08ff-4787-91fc-5c30464ccfd9', 'year': 2021, 'type': 'REG', 'name': 'REG'}","{'id': '3ca1343b-9e11-438c-9d7a-5f33cb775c3f', 'sequence': 1, 'title': '1'}",Generation started @ 2022-01-24 19:38:44 UTC ended @ 2022-01-24 19:38:44 UTC,ede260be-5ae6-4a06-887b-e4a130932705,Preston Smith,91,LB,sr:player:834753,,2021-09-10T00:00:00+00:00,Head,Full Participation In Practice,
184,a20471b4-a8d9-40c7-95ad-90cc30e46932,Packers,Green Bay,GB,sr:competitor:4420,"{'id': '06275f0f-08ff-4787-91fc-5c30464ccfd9', 'year': 2021, 'type': 'REG', 'name': 'REG'}","{'id': '3ca1343b-9e11-438c-9d7a-5f33cb775c3f', 'sequence': 1, 'title': '1'}",Generation started @ 2022-01-24 19:38:44 UTC ended @ 2022-01-24 19:38:44 UTC,ca113409-c714-40f8-82db-727eae1e455e,Tyler Lancaster,95,DT,sr:player:1230200,Questionable,2021-09-10T00:00:00+00:00,Back,Limited Participation In Practice,
185,a20471b4-a8d9-40c7-95ad-90cc30e46932,Packers,Green Bay,GB,sr:competitor:4420,"{'id': '06275f0f-08ff-4787-91fc-5c30464ccfd9', 'year': 2021, 'type': 'REG', 'name': 'REG'}","{'id': '3ca1343b-9e11-438c-9d7a-5f33cb775c3f', 'sequence': 1, 'title': '1'}",Generation started @ 2022-01-24 19:38:44 UTC ended @ 2022-01-24 19:38:44 UTC,41ff2f2c-6ddb-4bc5-9712-3664501f7af9,Vernon Scott,36,SAF,sr:player:1220348,Out,2021-09-10T00:00:00+00:00,Hamstring,Did Not Participate In Practice,
186,a20471b4-a8d9-40c7-95ad-90cc30e46932,Packers,Green Bay,GB,sr:competitor:4420,"{'id': '06275f0f-08ff-4787-91fc-5c30464ccfd9', 'year': 2021, 'type': 'REG', 'name': 'REG'}","{'id': '3ca1343b-9e11-438c-9d7a-5f33cb775c3f', 'sequence': 1, 'title': '1'}",Generation started @ 2022-01-24 19:38:44 UTC ended @ 2022-01-24 19:38:44 UTC,af3599a5-5eb4-4dd4-87ab-e0032ebfa644,Za'Darius Smith,55,LB,sr:player:835083,Questionable,2021-09-10T00:00:00+00:00,Back,Did Not Participate In Practice,
187,ce92bd47-93d5-4fe9-ada4-0fc681e6caa0,Broncos,Denver,DEN,sr:competitor:4418,"{'id': '06275f0f-08ff-4787-91fc-5c30464ccfd9', 'year': 2021, 'type': 'REG', 'name': 'REG'}","{'id': '3ca1343b-9e11-438c-9d7a-5f33cb775c3f', 'sequence': 1, 'title': '1'}",Generation started @ 2022-01-24 19:38:44 UTC ended @ 2022-01-24 19:38:44 UTC,66313049-299d-4e58-beb9-8e051ab6548a,Bradley Chubb,55,OLB,sr:player:1194362,Questionable,2021-09-10T00:00:00+00:00,Ankle,Limited Participation In Practice,
188,ce92bd47-93d5-4fe9-ada4-0fc681e6caa0,Broncos,Denver,DEN,sr:competitor:4418,"{'id': '06275f0f-08ff-4787-91fc-5c30464ccfd9', 'year': 2021, 'type': 'REG', 'name': 'REG'}","{'id': '3ca1343b-9e11-438c-9d7a-5f33cb775c3f', 'sequence': 1, 'title': '1'}",Generation started @ 2022-01-24 19:38:44 UTC ended @ 2022-01-24 19:38:44 UTC,cdc98acc-9eb6-4b44-81bb-61d7b8a3b55f,Noah Fant,87,TE,sr:player:1225766,,2021-09-09T00:00:00+00:00,Knee,Full Participation In Practice,
189,ce92bd47-93d5-4fe9-ada4-0fc681e6caa0,Broncos,Denver,DEN,sr:competitor:4418,"{'id': '06275f0f-08ff-4787-91fc-5c30464ccfd9', 'year': 2021, 'type': 'REG', 'name': 'REG'}","{'id': '3ca1343b-9e11-438c-9d7a-5f33cb775c3f', 'sequence': 1, 'title': '1'}",Generation started @ 2022-01-24 19:38:44 UTC ended @ 2022-01-24 19:38:44 UTC,cc9528c4-3a18-4d3f-8d8f-cfef4dcd2d38,Von Miller,58,OLB,sr:player:828621,,2021-09-08T00:00:00+00:00,Ankle,Full Participation In Practice,
190,ce92bd47-93d5-4fe9-ada4-0fc681e6caa0,Broncos,Denver,DEN,sr:competitor:4418,"{'id': '06275f0f-08ff-4787-91fc-5c30464ccfd9', 'year': 2021, 'type': 'REG', 'name': 'REG'}","{'id': '3ca1343b-9e11-438c-9d7a-5f33cb775c3f', 'sequence': 1, 'title': '1'}",Generation started @ 2022-01-24 19:38:44 UTC ended @ 2022-01-24 19:38:44 UTC,617aee8a-70be-4bdf-9a71-2e2b74e647e6,Albert Okwuegbunam,85,TE,sr:player:2040279,,2021-09-08T00:00:00+00:00,Knee,Full Participation In Practice,
191,ce92bd47-93d5-4fe9-ada4-0fc681e6caa0,Broncos,Denver,DEN,sr:competitor:4418,"{'id': '06275f0f-08ff-4787-91fc-5c30464ccfd9', 'year': 2021, 'type': 'REG', 'name': 'REG'}","{'id': '3ca1343b-9e11-438c-9d7a-5f33cb775c3f', 'sequence': 1, 'title': '1'}",Generation started @ 2022-01-24 19:38:44 UTC ended @ 2022-01-24 19:38:44 UTC,b55ae5ba-593f-4560-9cab-14e10698e01d,Courtland Sutton,14,WR,sr:player:1185936,,2021-09-08T00:00:00+00:00,Knee,Full Participation In Practice,
192,386bdbf9-9eea-4869-bb9a-274b0bc66e80,Eagles,Philadelphia,PHI,sr:competitor:4428,"{'id': '06275f0f-08ff-4787-91fc-5c30464ccfd9', 'year': 2021, 'type': 'REG', 'name': 'REG'}","{'id': '3ca1343b-9e11-438c-9d7a-5f33cb775c3f', 'sequence': 1, 'title': '1'}",Generation started @ 2022-01-24 19:38:44 UTC ended @ 2022-01-24 19:38:44 UTC,9fe21c07-823a-47a1-a4dd-0c611c0280c5,Brandon Brooks,79,G,sr:player:828143,,2021-09-10T00:00:00+00:00,Knee,Limited Participation In Practice,
193,386bdbf9-9eea-4869-bb9a-274b0bc66e80,Eagles,Philadelphia,PHI,sr:competitor:4428,"{'id': '06275f0f-08ff-4787-91fc-5c30464ccfd9', 'year': 2021, 'type': 'REG', 'name': 'REG'}","{'id': '3ca1343b-9e11-438c-9d7a-5f33cb775c3f', 'sequence': 1, 'title': '1'}",Generation started @ 2022-01-24 19:38:44 UTC ended @ 2022-01-24 19:38:44 UTC,6a904c64-5425-4f6d-b35a-1b72eaa256c6,Landon Dickerson,69,OL,sr:player:2197728,Out,2021-09-10T00:00:00+00:00,Knee,Limited Participation In Practice,
194,386bdbf9-9eea-4869-bb9a-274b0bc66e80,Eagles,Philadelphia,PHI,sr:competitor:4428,"{'id': '06275f0f-08ff-4787-91fc-5c30464ccfd9', 'year': 2021, 'type': 'REG', 'name': 'REG'}","{'id': '3ca1343b-9e11-438c-9d7a-5f33cb775c3f', 'sequence': 1, 'title': '1'}",Generation started @ 2022-01-24 19:38:44 UTC ended @ 2022-01-24 19:38:44 UTC,b7253ed5-d2c3-4757-8b54-5176fe9f45df,Rodney McLeod,23,SAF,sr:player:828399,Out,2021-09-10T00:00:00+00:00,Knee,Limited Participation In Practice,
195,386bdbf9-9eea-4869-bb9a-274b0bc66e80,Eagles,Philadelphia,PHI,sr:competitor:4428,"{'id': '06275f0f-08ff-4787-91fc-5c30464ccfd9', 'year': 2021, 'type': 'REG', 'name': 'REG'}","{'id': '3ca1343b-9e11-438c-9d7a-5f33cb775c3f', 'sequence': 1, 'title': '1'}",Generation started @ 2022-01-24 19:38:44 UTC ended @ 2022-01-24 19:38:44 UTC,423b3b98-da9a-4786-84c9-0662ec0ce11f,Davion Taylor,52,LB,sr:player:2040211,Questionable,2021-09-10T00:00:00+00:00,Calf,Full Participation In Practice,
196,7d4fcc64-9cb5-4d1b-8e75-8a906d1e1576,Raiders,Las Vegas,LV,sr:competitor:4390,"{'id': '06275f0f-08ff-4787-91fc-5c30464ccfd9', 'year': 2021, 'type': 'REG', 'name': 'REG'}","{'id': '3ca1343b-9e11-438c-9d7a-5f33cb775c3f', 'sequence': 1, 'title': '1'}",Generation started @ 2022-01-24 19:38:44 UTC ended @ 2022-01-24 19:38:44 UTC,108759bf-8c78-41c6-a409-b87c63985c21,Clelin Ferrell,99,DE,sr:player:1217516,,2021-09-09T00:00:00+00:00,Back,Full Participation In Practice,
197,7d4fcc64-9cb5-4d1b-8e75-8a906d1e1576,Raiders,Las Vegas,LV,sr:competitor:4390,"{'id': '06275f0f-08ff-4787-91fc-5c30464ccfd9', 'year': 2021, 'type': 'REG', 'name': 'REG'}","{'id': '3ca1343b-9e11-438c-9d7a-5f33cb775c3f', 'sequence': 1, 'title': '1'}",Generation started @ 2022-01-24 19:38:44 UTC ended @ 2022-01-24 19:38:44 UTC,58b30f9c-384f-4e36-9e79-d4442ce8bb31,Richie Incognito,64,G,sr:player:828765,Out,2021-09-11T00:00:00+00:00,Calf,Did Not Participate In Practice,
198,7d4fcc64-9cb5-4d1b-8e75-8a906d1e1576,Raiders,Las Vegas,LV,sr:competitor:4390,"{'id': '06275f0f-08ff-4787-91fc-5c30464ccfd9', 'year': 2021, 'type': 'REG', 'name': 'REG'}","{'id': '3ca1343b-9e11-438c-9d7a-5f33cb775c3f', 'sequence': 1, 'title': '1'}",Generation started @ 2022-01-24 19:38:44 UTC ended @ 2022-01-24 19:38:44 UTC,61694ab9-b099-408e-b48d-6a643dd069ec,Josh Jacobs,28,RB,sr:player:1216962,,2021-09-13T00:00:00+00:00,Toe,Limited Participation In Practice,Illness
199,7d4fcc64-9cb5-4d1b-8e75-8a906d1e1576,Raiders,Las Vegas,LV,sr:competitor:4390,"{'id': '06275f0f-08ff-4787-91fc-5c30464ccfd9', 'year': 2021, 'type': 'REG', 'name': 'REG'}","{'id': '3ca1343b-9e11-438c-9d7a-5f33cb775c3f', 'sequence': 1, 'title': '1'}",Generation started @ 2022-01-24 19:38:44 UTC ended @ 2022-01-24 19:38:44 UTC,b751192c-daae-4ea6-b4a8-c3639047bc45,Alex Leatherwood,70,T,sr:player:2197798,,2021-09-09T00:00:00+00:00,Shin,Full Participation In Practice,
200,7d4fcc64-9cb5-4d1b-8e75-8a906d1e1576,Raiders,Las Vegas,LV,sr:competitor:4390,"{'id': '06275f0f-08ff-4787-91fc-5c30464ccfd9', 'year': 2021, 'type': 'REG', 'name': 'REG'}","{'id': '3ca1343b-9e11-438c-9d7a-5f33cb775c3f', 'sequence': 1, 'title': '1'}",Generation started @ 2022-01-24 19:38:44 UTC ended @ 2022-01-24 19:38:44 UTC,ed2317f2-1cc5-4a84-a46e-7423a9a1c730,Carl Nassib,94,DE,sr:player:987673,,2021-09-10T00:00:00+00:00,Pectoral,Full Participation In Practice,
201,7d4fcc64-9cb5-4d1b-8e75-8a906d1e1576,Raiders,Las Vegas,LV,sr:competitor:4390,"{'id': '06275f0f-08ff-4787-91fc-5c30464ccfd9', 'year': 2021, 'type': 'REG', 'name': 'REG'}","{'id': '3ca1343b-9e11-438c-9d7a-5f33cb775c3f', 'sequence': 1, 'title': '1'}",Generation started @ 2022-01-24 19:38:44 UTC ended @ 2022-01-24 19:38:44 UTC,dba7bc1b-c414-404a-8845-4b0245df64a9,Roderic Teamer,33,SAF,sr:player:1194798,Doubtful,2021-09-11T00:00:00+00:00,Shoulder,Did Not Participate In Practice,Ankle
202,22052ff7-c065-42ee-bc8f-c4691c50e624,Football Team,Washington,WAS,sr:competitor:4432,"{'id': '06275f0f-08ff-4787-91fc-5c30464ccfd9', 'year': 2021, 'type': 'REG', 'name': 'REG'}","{'id': '3ca1343b-9e11-438c-9d7a-5f33cb775c3f', 'sequence': 1, 'title': '1'}",Generation started @ 2022-01-24 19:38:44 UTC ended @ 2022-01-24 19:38:44 UTC,66a21b6d-97e5-4732-8bb0-062145d6bbc6,Curtis Samuel,10,WR,sr:player:1129833,Out,2021-09-10T00:00:00+00:00,Groin,Did Not Participate In Practice,
203,ad4ae08f-d808-42d5-a1e6-e9bc4e34d123,Bengals,Cincinnati,CIN,sr:competitor:4416,"{'id': '06275f0f-08ff-4787-91fc-5c30464ccfd9', 'year': 2021, 'type': 'REG', 'name': 'REG'}","{'id': '3ca1343b-9e11-438c-9d7a-5f33cb775c3f', 'sequence': 1, 'title': '1'}",Generation started @ 2022-01-24 19:38:44 UTC ended @ 2022-01-24 19:38:44 UTC,338adc8a-173d-4b1b-a5de-92818bf96823,Trae Waynes,26,CB,sr:player:834517,Out,2021-09-10T00:00:00+00:00,Hamstring,Did Not Participate In Practice,
204,ad4ae08f-d808-42d5-a1e6-e9bc4e34d123,Bengals,Cincinnati,CIN,sr:competitor:4416,"{'id': '06275f0f-08ff-4787-91fc-5c30464ccfd9', 'year': 2021, 'type': 'REG', 'name': 'REG'}","{'id': '3ca1343b-9e11-438c-9d7a-5f33cb775c3f', 'sequence': 1, 'title': '1'}",Generation started @ 2022-01-24 19:38:44 UTC ended @ 2022-01-24 19:38:44 UTC,8ffe9816-bbce-463e-a860-937253af6497,Trey Hill,63,C,sr:player:2198520,,2021-09-08T00:00:00+00:00,Hip,Full Participation In Practice,
205,ad4ae08f-d808-42d5-a1e6-e9bc4e34d123,Bengals,Cincinnati,CIN,sr:competitor:4416,"{'id': '06275f0f-08ff-4787-91fc-5c30464ccfd9', 'year': 2021, 'type': 'REG', 'name': 'REG'}","{'id': '3ca1343b-9e11-438c-9d7a-5f33cb775c3f', 'sequence': 1, 'title': '1'}",Generation started @ 2022-01-24 19:38:44 UTC ended @ 2022-01-24 19:38:44 UTC,b2d98b60-b4b3-4610-81d2-2154c723fdbb,Mitchell Wilcox,84,TE,sr:player:2040631,,2021-09-08T00:00:00+00:00,Concussion,Full Participation In Practice,
